security_pk,isin,cusip,symbol,instrument_type,liq_rule_key
1,USVZ0LL0DD87,VZ0LL0DD8,NOS,BOND,LOW
2,USXBPL1KW079,XBPL1KW07,AUQY,BOND,MED
3,US0MY7L82M05,0MY7L82M0,EXRJ,FUTURE,HIGH
4,USJ5H5C26C17,J5H5C26C1,IKXH,OPTION,HIGH
5,USIKDQZ6SO37,IKDQZ6SO3,NHF,OPTION,MED
6,USTQKAS3CC32,TQKAS3CC3,JWS,FUTURE,LOW
7,US2KNK0ZTG20,2KNK0ZTG2,OLWE,BOND,MED
8,USKRW2MS2I46,KRW2MS2I4,JDEV,BOND,MED
9,US0XI9YDTU80,0XI9YDTU8,WMZE,BOND,HIGH
10,USSGIDU9JF37,SGIDU9JF3,ITUV,REPO,MED
11,USQSBCRXVX60,QSBCRXVX6,HINH,BOND,LOW
12,US1HADHW5B64,1HADHW5B6,ZMK,BOND,MED
13,USF5E9BIV792,F5E9BIV79,WDH,SWAP,HIGH
14,US6N8FIFT266,6N8FIFT26,GZH,SWAP,LOW
15,US4DS3QCOV42,4DS3QCOV4,USAN,BOND,LOW
16,UST9TMSI3094,T9TMSI309,WETW,SWAP,HIGH
17,USZA12SHBB25,ZA12SHBB2,DAQ,FUTURE,LOW
18,USQ3K78PBT12,Q3K78PBT1,PNBP,FUTURE,MED
19,USP5I6YVEG53,P5I6YVEG5,WPZA,BOND,LOW
20,US3H3DP8VO92,3H3DP8VO9,IZZX,BOND,MED
21,USRQ0DQCOE69,RQ0DQCOE6,EBMP,BOND,HIGH
22,US9FRREUQS01,9FRREUQS0,SOG,BOND,LOW
23,USGPQGKMH641,GPQGKMH64,MGJ,REPO,MED
24,USWAYRXZ5U34,WAYRXZ5U3,QBGL,FUTURE,HIGH
25,USRPSOG99X71,RPSOG99X7,BHNS,OPTION,LOW
26,USL17XJ4HK66,L17XJ4HK6,VVC,BOND,MED
27,USGFUKMAJJ64,GFUKMAJJ6,UBE,OPTION,HIGH
28,USXNXCHMT880,XNXCHMT88,VXND,BOND,MED
29,USI1JIMSLV44,I1JIMSLV4,DLR,FUTURE,MED
30,US0U0JWWJF51,0U0JWWJF5,BAP,BOND,HIGH
31,USG390740C71,G390740C7,HNNT,SWAP,MED
32,USUFZJ703054,UFZJ70305,VUQ,REPO,MED
33,USJH18MZ4H38,JH18MZ4H3,BBT,BOND,MED
34,USV745KGLW62,V745KGLW6,GWJ,REPO,HIGH
35,USTMLKYFPK34,TMLKYFPK3,NLI,OPTION,HIGH
36,US6NNFCNGK20,6NNFCNGK2,UJWS,BOND,HIGH
37,US90QDQX0J45,90QDQX0J4,CWT,BOND,HIGH
38,US947U6FS195,947U6FS19,VND,BOND,HIGH
39,USSOI4A5IV29,SOI4A5IV2,CIM,SWAP,HIGH
40,USPGXY03GO38,PGXY03GO3,TTQE,FUTURE,LOW
41,USOFSEH64D83,OFSEH64D8,ZEN,BOND,LOW
42,US7C5TU8SH24,7C5TU8SH2,GIX,SWAP,HIGH
43,USKE3K4X7B49,KE3K4X7B4,YEK,SWAP,HIGH
44,US2VMQPW2W05,2VMQPW2W0,LBLC,BOND,MED
45,USWTGKP77Z50,WTGKP77Z5,PXH,BOND,HIGH
46,USOA6E7MBL34,OA6E7MBL3,HSX,FUTURE,MED
47,US9VM5INDM79,9VM5INDM7,IMXO,BOND,MED
48,USHLWCYICG17,HLWCYICG1,MALH,REPO,HIGH
49,USH5MUI2EN31,H5MUI2EN3,KYMQ,SWAP,MED
50,USTRUI0H3405,TRUI0H340,AYF,BOND,HIGH
51,USTLWVTAMX13,TLWVTAMX1,LZY,OPTION,MED
52,USOUI9O64P20,OUI9O64P2,GCA,BOND,LOW
53,USBEWRTY5121,BEWRTY512,WAG,SWAP,HIGH
54,US569NESFQ49,569NESFQ4,MNED,SWAP,HIGH
55,USUHR0SH0G98,UHR0SH0G9,MHUM,BOND,HIGH
56,USLQ3P79SM89,LQ3P79SM8,AVJ,FUTURE,HIGH
57,US9WZA36OP48,9WZA36OP4,PSZ,OPTION,MED
58,USRTNPU8TU14,RTNPU8TU1,UXB,BOND,HIGH
59,US7C8J7ROI76,7C8J7ROI7,KQYO,REPO,HIGH
60,USUHCBOY5V06,UHCBOY5V0,RHYA,REPO,HIGH
61,US7XBOZ2AK03,7XBOZ2AK0,SXV,REPO,HIGH
62,USLO4LDE7R57,LO4LDE7R5,EHZ,BOND,HIGH
63,USA5RCVWIU40,A5RCVWIU4,VBR,BOND,MED
64,US5VKKSDCM23,5VKKSDCM2,CKUL,BOND,HIGH
65,USE63TH1C602,E63TH1C60,UQPJ,BOND,MED
66,US2IOYR59347,2IOYR5934,MGTR,FUTURE,LOW
67,USAS8CIJ5O77,AS8CIJ5O7,SYJV,BOND,MED
68,USHTH0NABI38,HTH0NABI3,TOZ,FUTURE,LOW
69,USPO6Q62V613,PO6Q62V61,GMR,BOND,LOW
70,US721TZ8O958,721TZ8O95,FAKG,BOND,HIGH
71,US5MBVR6AR50,5MBVR6AR5,FBQO,BOND,MED
72,USWBA4N6SP92,WBA4N6SP9,YFX,BOND,HIGH
73,USOZRNQQXJ64,OZRNQQXJ6,GQEG,REPO,MED
74,USE9DMCQI130,E9DMCQI13,TRN,SWAP,HIGH
75,USGUOMP1DB67,GUOMP1DB6,VWWL,BOND,LOW
76,US2B3G4UK045,2B3G4UK04,FKJS,BOND,MED
77,US5ABH51SE79,5ABH51SE7,FJLD,REPO,HIGH
78,USE88WFWK362,E88WFWK36,HDZ,BOND,MED
79,USQHCFAX5V32,QHCFAX5V3,VEUQ,BOND,LOW
80,USUVA3ILEH59,UVA3ILEH5,TWHW,BOND,MED
81,USO9NGJK3R97,O9NGJK3R9,KRB,BOND,HIGH
82,USCVUVAQLG24,CVUVAQLG2,BZJD,REPO,LOW
83,USXFEK939N89,XFEK939N8,QLQ,BOND,HIGH
84,USTYMVMQI787,TYMVMQI78,NJD,OPTION,MED
85,US4IZB9L1U37,4IZB9L1U3,WZHV,BOND,HIGH
86,USK6L7YVVF52,K6L7YVVF5,HAB,BOND,HIGH
87,US1KTP9PX668,1KTP9PX66,OTS,FUTURE,HIGH
88,US4NN1DC5O25,4NN1DC5O2,FOOB,SWAP,LOW
89,US5ZASR7QP95,5ZASR7QP9,WPW,BOND,MED
90,USAKC20LST95,AKC20LST9,JYVK,REPO,MED
91,USOP02N3QA40,OP02N3QA4,EKR,FUTURE,MED
92,USQK309P6N54,QK309P6N5,RLA,BOND,HIGH
93,USNXPVM0IQ83,NXPVM0IQ8,MEFB,BOND,HIGH
94,USSKO89EZV84,SKO89EZV8,UBSI,REPO,HIGH
95,USX3WE93BP19,X3WE93BP1,WRNX,FUTURE,MED
96,US65GG9MS202,65GG9MS20,THAR,OPTION,MED
97,USYYAWL28X15,YYAWL28X1,XIO,BOND,HIGH
98,US8711KMDX80,8711KMDX8,VUTX,SWAP,LOW
99,USIXC2DRAO64,IXC2DRAO6,RQC,BOND,HIGH
100,USIFP425GX11,IFP425GX1,KPQ,BOND,MED
101,US6BKVR2B882,6BKVR2B88,BCP,BOND,MED
102,USYXS7IMLY25,YXS7IMLY2,QNQF,BOND,HIGH
103,US03E5X0WR87,03E5X0WR8,DBG,FUTURE,HIGH
104,USKAPNT7CC48,KAPNT7CC4,PDWQ,BOND,HIGH
105,US9BRMKY7070,9BRMKY707,ZJXU,BOND,LOW
106,USIP4DFGZQ85,IP4DFGZQ8,ZYID,BOND,MED
107,USTJHAT2BA97,TJHAT2BA9,UWQT,BOND,MED
108,USI50Z8KDK39,I50Z8KDK3,RACI,OPTION,HIGH
109,US9H0U4G5L82,9H0U4G5L8,ONEB,SWAP,HIGH
110,US52Y5TDD910,52Y5TDD91,HAZ,SWAP,HIGH
111,USEFGRHCDT52,EFGRHCDT5,WNV,BOND,HIGH
112,USE0U2BLBD02,E0U2BLBD0,XMG,FUTURE,MED
113,USWYZNES7V26,WYZNES7V2,BPN,REPO,MED
114,USUPDHVEFA93,UPDHVEFA9,NWF,BOND,MED
115,US0FL20N0836,0FL20N083,GKIX,SWAP,MED
116,US6OW4XQDD46,6OW4XQDD4,QTRJ,BOND,HIGH
117,USGHCDI99T54,GHCDI99T5,GAA,SWAP,MED
118,USRH0BFTP879,RH0BFTP87,YXH,BOND,LOW
119,USNTK20O5741,NTK20O574,ERTY,BOND,MED
120,US4AGA6J8181,4AGA6J818,PPEC,BOND,MED
121,USZRR6EZH847,ZRR6EZH84,AAO,FUTURE,MED
122,USQL352Z6T44,QL352Z6T4,BTS,BOND,LOW
123,USXVZ1ELHR89,XVZ1ELHR8,ETDV,BOND,HIGH
124,US7VJJOVE136,7VJJOVE13,USR,OPTION,MED
125,US7KPJA7NO84,7KPJA7NO8,DOUG,SWAP,MED
126,USGSMPF89W19,GSMPF89W1,YERV,BOND,MED
127,US5N1WIEQH09,5N1WIEQH0,LHK,BOND,MED
128,USRAZRRWMT62,RAZRRWMT6,OHN,FUTURE,MED
129,USDMBXRXAN26,DMBXRXAN2,OGQZ,BOND,MED
130,USEH6K0AMF95,EH6K0AMF9,PKA,BOND,MED
131,USUPU9TKTA25,UPU9TKTA2,XTX,BOND,HIGH
132,USNAXSPHEE77,NAXSPHEE7,NTJB,BOND,MED
133,USMTAJ5CXM63,MTAJ5CXM6,PPMI,OPTION,HIGH
134,USL9VDTIIY35,L9VDTIIY3,PNL,BOND,LOW
135,US5UE7B1AD63,5UE7B1AD6,OXBL,BOND,LOW
136,USRLR24EWK93,RLR24EWK9,PXVX,BOND,HIGH
137,US9ZV54G8H50,9ZV54G8H5,VNA,BOND,HIGH
138,USLOHT357863,LOHT35786,CTZ,BOND,MED
139,USSR9UIY7O48,SR9UIY7O4,IAL,OPTION,LOW
140,USL4Q7H6HS64,L4Q7H6HS6,SIJ,REPO,MED
141,USSGYUQI4E18,SGYUQI4E1,VWL,FUTURE,HIGH
142,USIOPYGXLB24,IOPYGXLB2,HFZJ,BOND,MED
143,US9F8L8NPH22,9F8L8NPH2,ERFS,BOND,MED
144,USF8FRNIO363,F8FRNIO36,PXRL,BOND,MED
145,US1JA72QGZ96,1JA72QGZ9,OZOA,OPTION,MED
146,US8V0UTSEZ43,8V0UTSEZ4,UYYD,FUTURE,MED
147,USZ9UH0I9W52,Z9UH0I9W5,RYNH,BOND,LOW
148,US76N06LWM00,76N06LWM0,KIJ,SWAP,MED
149,USQC0U536865,QC0U53686,BJS,BOND,MED
150,USNO5EMLJG30,NO5EMLJG3,FXTE,BOND,MED
151,US2WVYJ4T277,2WVYJ4T27,NCD,BOND,MED
152,USA4BSHK9Q01,A4BSHK9Q0,BGTX,BOND,HIGH
153,US75NN4YFC75,75NN4YFC7,MYD,FUTURE,HIGH
154,USK8B15OD559,K8B15OD55,HJW,REPO,HIGH
155,USV9MYCDG190,V9MYCDG19,BXT,BOND,MED
156,USJ917MNG875,J917MNG87,RRLJ,FUTURE,HIGH
157,USP7ST77NU23,P7ST77NU2,ALEC,SWAP,HIGH
158,USCGGCNB7F01,CGGCNB7F0,SYH,BOND,MED
159,US3BQXMW6H64,3BQXMW6H6,TYUC,SWAP,MED
160,USBGOFFHPP96,BGOFFHPP9,UNFN,OPTION,MED
161,USFT44FKMN50,FT44FKMN5,EETC,BOND,MED
162,USZEME0YY153,ZEME0YY15,WQM,BOND,MED
163,US5QVCTDCW60,5QVCTDCW6,HHX,BOND,MED
164,USIH250H7234,IH250H723,VDP,BOND,LOW
165,US9V4K6F7Y58,9V4K6F7Y5,JDA,BOND,HIGH
166,USJWS0RWCQ16,JWS0RWCQ1,FEF,BOND,MED
167,USEQ4I0L3J54,EQ4I0L3J5,CIJV,BOND,MED
168,US0DSINLVO65,0DSINLVO6,OBT,SWAP,MED
169,USYA709ZJF55,YA709ZJF5,LZN,BOND,HIGH
170,US8LCKW6RQ59,8LCKW6RQ5,IDUP,BOND,MED
171,USXY0R01WX26,XY0R01WX2,WGXO,FUTURE,MED
172,USEF1I8ESF18,EF1I8ESF1,FBH,SWAP,MED
173,US4DLHF1S592,4DLHF1S59,KQZN,BOND,HIGH
174,USQ9RB9G5H45,Q9RB9G5H4,VOSM,BOND,LOW
175,USCP81FFW991,CP81FFW99,LKMR,OPTION,HIGH
176,USLU5ST9FG42,LU5ST9FG4,YEO,OPTION,LOW
177,USFCYQ5A2E50,FCYQ5A2E5,XUTQ,BOND,HIGH
178,USG2UA7QEV73,G2UA7QEV7,UGTI,BOND,MED
179,USK5U50DW421,K5U50DW42,SPWH,BOND,HIGH
180,USJ62QMVL115,J62QMVL11,ZWS,BOND,MED
181,USRVE4GO8455,RVE4GO845,PGCK,BOND,MED
182,USK4XFYWSX21,K4XFYWSX2,SBTI,BOND,HIGH
183,US2NJBYBEI97,2NJBYBEI9,HDEC,BOND,MED
184,USV76PNC0748,V76PNC074,XYUG,OPTION,MED
185,USEELDHQQA93,EELDHQQA9,DUWP,BOND,MED
186,US8VVHXWX920,8VVHXWX92,QBFU,BOND,HIGH
187,USMVWGJ59084,MVWGJ5908,FZA,BOND,HIGH
188,USIKXTFRXH04,IKXTFRXH0,VCLA,BOND,MED
189,USZTX0XFGR89,ZTX0XFGR8,WJLF,BOND,MED
190,USFNLYIPF720,FNLYIPF72,VTVM,OPTION,HIGH
191,USH5O5A36502,H5O5A3650,VZI,BOND,LOW
192,USXK8DZEUR48,XK8DZEUR4,EFUD,BOND,HIGH
193,USFJKRJ45I04,FJKRJ45I0,TVF,FUTURE,MED
194,USIFKJ4XWE43,IFKJ4XWE4,MLBL,BOND,HIGH
195,USPL96T10D46,PL96T10D4,KSO,BOND,HIGH
196,USP2T1B1VY42,P2T1B1VY4,UHD,BOND,MED
197,USTTQ6AWLR22,TTQ6AWLR2,WCS,FUTURE,MED
198,USJCVZLKUP84,JCVZLKUP8,FDOG,BOND,HIGH
199,USVSUZHGIR48,VSUZHGIR4,XWU,BOND,HIGH
200,USPLM03X7Z47,PLM03X7Z4,FPZK,BOND,HIGH
201,USYNRN5CK350,YNRN5CK35,XGJ,BOND,LOW
202,USBBJ2HYLZ88,BBJ2HYLZ8,BYU,OPTION,HIGH
203,USDNDTJFTA38,DNDTJFTA3,XQG,BOND,MED
204,USK8ZHXUC438,K8ZHXUC43,QUK,BOND,MED
205,US4W17GDNO84,4W17GDNO8,PYEH,BOND,HIGH
206,USG4RJUXRH40,G4RJUXRH4,MKFY,BOND,HIGH
207,US8KK5KLQL33,8KK5KLQL3,BHD,BOND,MED
208,US9FXSQR5K52,9FXSQR5K5,QXQ,FUTURE,MED
209,US6J1HS33A40,6J1HS33A4,FUL,BOND,MED
210,USE1Z9L2VC93,E1Z9L2VC9,VSP,FUTURE,LOW
211,USWA7JZTA523,WA7JZTA52,NDK,SWAP,HIGH
212,USBL69I5OL52,BL69I5OL5,HRW,SWAP,LOW
213,USZSXSIS2W23,ZSXSIS2W2,PSN,SWAP,MED
214,USDGQ61JBL07,DGQ61JBL0,FJB,BOND,MED
215,US9Y47X8BM54,9Y47X8BM5,IGZ,SWAP,HIGH
216,USN6RXOW5004,N6RXOW500,GUO,BOND,HIGH
217,USTPOI1XTS47,TPOI1XTS4,YBHV,FUTURE,LOW
218,US5UO6DXD263,5UO6DXD26,OHYE,BOND,MED
219,US8HLUVB1566,8HLUVB156,GJXF,SWAP,MED
220,US24B1WSKJ74,24B1WSKJ7,ENOL,BOND,MED
221,USWTC9ZJZG88,WTC9ZJZG8,ZNG,BOND,MED
222,USVKEIJAFO83,VKEIJAFO8,WALR,BOND,HIGH
223,USOSQOQJ2935,OSQOQJ293,CANY,BOND,MED
224,USQGB6KJQ434,QGB6KJQ43,MERK,FUTURE,MED
225,US3I75HAGE37,3I75HAGE3,BRZP,BOND,MED
226,USJ5L1B31D74,J5L1B31D7,TFU,BOND,HIGH
227,USWA64OJUC35,WA64OJUC3,PXB,REPO,HIGH
228,USM544EQWA47,M544EQWA4,FDJ,BOND,LOW
229,USSQK4ATTZ10,SQK4ATTZ1,IWXB,SWAP,MED
230,USD8GRC1NS29,D8GRC1NS2,PMXZ,BOND,MED
231,US5ZNJ5X2V51,5ZNJ5X2V5,ILI,SWAP,MED
232,US5RUGTBKG61,5RUGTBKG6,MTW,OPTION,MED
233,US50NUL23U89,50NUL23U8,SSGI,FUTURE,HIGH
234,US9L2VPGSH67,9L2VPGSH6,TNQI,FUTURE,MED
235,US2BDQGEMP74,2BDQGEMP7,LFUO,BOND,HIGH
236,USU56RFVBI66,U56RFVBI6,YYG,BOND,MED
237,USLI5AINSA09,LI5AINSA0,TDX,REPO,MED
238,USTU9OYXUQ33,TU9OYXUQ3,HMX,SWAP,MED
239,USDD0MRHBW21,DD0MRHBW2,ANMK,SWAP,HIGH
240,USN5XRRK6X80,N5XRRK6X8,NVG,BOND,HIGH
241,USP5A8923N80,P5A8923N8,GKD,BOND,HIGH
242,US0MCG1XGJ32,0MCG1XGJ3,YNZ,FUTURE,HIGH
243,USBXNQ58TZ42,BXNQ58TZ4,XVI,FUTURE,HIGH
244,USXHAI5TQJ05,XHAI5TQJ0,FOZG,BOND,MED
245,USPZAULM2S55,PZAULM2S5,UVET,FUTURE,MED
246,USKUBOSK2I30,KUBOSK2I3,MXP,BOND,HIGH
247,USIPD0BK6O82,IPD0BK6O8,IGW,BOND,MED
248,USCKV2B1FE53,CKV2B1FE5,EGE,BOND,HIGH
249,USYZQ5K05L49,YZQ5K05L4,LLFB,FUTURE,HIGH
250,US9JO9XDH038,9JO9XDH03,DGZD,BOND,HIGH
251,USXO7PIW7O28,XO7PIW7O2,YWVS,OPTION,LOW
252,USQZ4C0G5057,QZ4C0G505,VYST,REPO,MED
253,USQTXX4BMX78,QTXX4BMX7,OIZW,SWAP,MED
254,USO2AGUI7Q82,O2AGUI7Q8,EYT,BOND,LOW
255,USV8M7TO5K83,V8M7TO5K8,TPO,SWAP,HIGH
256,USQZ5NZBTY30,QZ5NZBTY3,MYU,BOND,HIGH
257,USDNVG8NKQ03,DNVG8NKQ0,WYNE,SWAP,MED
258,USJ4R07K3U30,J4R07K3U3,XED,BOND,MED
259,USN6Y6B4OW61,N6Y6B4OW6,YBQ,BOND,MED
260,USJEMPIWJV46,JEMPIWJV4,QUSW,BOND,HIGH
261,USRKQZJQM018,RKQZJQM01,PMV,BOND,MED
262,US659ATXE618,659ATXE61,ICOX,SWAP,HIGH
263,USGEPFYW6O83,GEPFYW6O8,IPX,SWAP,HIGH
264,USNQPM6ASU95,NQPM6ASU9,SKW,SWAP,MED
265,USBEE9DHCJ91,BEE9DHCJ9,DBD,BOND,HIGH
266,USQCMXE4WW23,QCMXE4WW2,IUVJ,SWAP,LOW
267,USBQ2UZB1A87,BQ2UZB1A8,WLJ,OPTION,LOW
268,USRAPG5UOC49,RAPG5UOC4,GVB,SWAP,LOW
269,USTKBYUPMK34,TKBYUPMK3,UEIL,BOND,LOW
270,USPWV9CRGT84,PWV9CRGT8,HPTC,BOND,MED
271,US36WHWJ0226,36WHWJ022,JSS,FUTURE,LOW
272,US7CSGYLTS77,7CSGYLTS7,VCIV,BOND,LOW
273,USMFK27PAY06,MFK27PAY0,ZCC,OPTION,HIGH
274,USGH9XA0F081,GH9XA0F08,IKG,BOND,HIGH
275,USV323ZIG326,V323ZIG32,IUXK,BOND,HIGH
276,US1PYP18QH95,1PYP18QH9,FES,BOND,LOW
277,USFYQ2U34D73,FYQ2U34D7,BXYM,BOND,MED
278,USKUAUCAG457,KUAUCAG45,UCT,BOND,MED
279,USLP46OKSO30,LP46OKSO3,INVB,SWAP,MED
280,USVSVK65RF83,VSVK65RF8,FEN,BOND,MED
281,US5VJ8O4RO50,5VJ8O4RO5,ZBIM,BOND,HIGH
282,USYE7Z2W7262,YE7Z2W726,KRL,BOND,HIGH
283,USSYZXIQ7S24,SYZXIQ7S2,JEXV,BOND,HIGH
284,USF183JVYE31,F183JVYE3,FMAT,BOND,HIGH
285,USY3HFW4T932,Y3HFW4T93,PJO,SWAP,HIGH
286,USMPLTV3YV00,MPLTV3YV0,IBFJ,BOND,HIGH
287,USAY4QDWTB54,AY4QDWTB5,CSP,REPO,HIGH
288,USAIT5S2XI91,AIT5S2XI9,ULA,BOND,HIGH
289,USFHXVEV2652,FHXVEV265,IFNX,SWAP,LOW
290,USFUH2TXT698,FUH2TXT69,FRML,BOND,HIGH
291,USFAZWITEN71,FAZWITEN7,EEM,SWAP,HIGH
292,USOOYHNQ3P83,OOYHNQ3P8,UAQT,OPTION,HIGH
293,US3KFZ84JV61,3KFZ84JV6,WQSL,BOND,LOW
294,USMUWSHSVZ45,MUWSHSVZ4,VAWY,SWAP,MED
295,USN6UKUUK204,N6UKUUK20,CRIE,BOND,MED
296,USPIE2MA4A36,PIE2MA4A3,AEN,BOND,LOW
297,US5NN8OTCU58,5NN8OTCU5,MJY,BOND,HIGH
298,USNPRDZQMF15,NPRDZQMF1,DOFE,BOND,HIGH
299,USJETLIB2653,JETLIB265,OWNU,BOND,MED
300,USF7WJQZ5606,F7WJQZ560,QZQ,BOND,MED
301,USGL1ES9IH17,GL1ES9IH1,TJW,REPO,MED
302,USRAPW5G4D02,RAPW5G4D0,QXV,BOND,HIGH
303,USW3T6XWGF91,W3T6XWGF9,ZFMN,BOND,HIGH
304,US55NI5Q2U04,55NI5Q2U0,SUP,SWAP,HIGH
305,USNN5644KZ60,NN5644KZ6,ASRZ,BOND,LOW
306,USVFBYB0X256,VFBYB0X25,PEA,SWAP,HIGH
307,US4D2US4EW76,4D2US4EW7,BJFF,BOND,HIGH
308,USCC4NG74509,CC4NG7450,JDJG,BOND,MED
309,USCYYCNBYZ73,CYYCNBYZ7,CLBX,REPO,HIGH
310,USJIZDRFTW20,JIZDRFTW2,CQS,BOND,MED
311,USAGFU4HA003,AGFU4HA00,AAY,FUTURE,HIGH
312,USM73MPW4U31,M73MPW4U3,RNTR,BOND,MED
313,US5IIFGM8J05,5IIFGM8J0,TDE,BOND,MED
314,US8P70DD9N90,8P70DD9N9,TYPE,SWAP,HIGH
315,US7GN9ZMH340,7GN9ZMH34,JSQ,FUTURE,LOW
316,US8YUAAS7A20,8YUAAS7A2,GWF,BOND,HIGH
317,USN9PRZ4BJ18,N9PRZ4BJ1,IKBY,SWAP,HIGH
318,US3EGSBF2R35,3EGSBF2R3,GKPJ,BOND,MED
319,USWZPD2GYW94,WZPD2GYW9,TNS,FUTURE,MED
320,US8GAN4GE512,8GAN4GE51,XZSR,SWAP,LOW
321,US66G30S5856,66G30S585,KCN,SWAP,MED
322,USCL1RDIG923,CL1RDIG92,AYA,BOND,MED
323,USVYDPXUEB26,VYDPXUEB2,PFA,OPTION,HIGH
324,US3D680TSS28,3D680TSS2,NLVY,BOND,MED
325,USNB77JAOP65,NB77JAOP6,SWS,BOND,HIGH
326,US15ULSJZN08,15ULSJZN0,AWSR,BOND,HIGH
327,US9SSS066677,9SSS06667,PUS,OPTION,MED
328,USEJOXVO2X64,EJOXVO2X6,MBQY,OPTION,HIGH
329,USFAYW0O3J94,FAYW0O3J9,YXOU,BOND,HIGH
330,USUN24BPYC78,UN24BPYC7,VXRL,BOND,HIGH
331,USBG2A7O6G95,BG2A7O6G9,BCOB,BOND,MED
332,USTQNFRCA810,TQNFRCA81,TGU,SWAP,MED
333,USEH4RZ3D723,EH4RZ3D72,EYS,SWAP,LOW
334,USS1F6LYKS93,S1F6LYKS9,JCVW,BOND,HIGH
335,USIU5JSM3H10,IU5JSM3H1,PJUW,SWAP,MED
336,USAU7FF74C23,AU7FF74C2,OWPV,REPO,LOW
337,USQCOQ9PPJ14,QCOQ9PPJ1,FKU,SWAP,MED
338,US9KN2AYR384,9KN2AYR38,ZYU,BOND,LOW
339,US473D5BY792,473D5BY79,SEET,BOND,MED
340,US7S39D1RA36,7S39D1RA3,DOW,BOND,HIGH
341,USYHA0IEJ147,YHA0IEJ14,FAD,BOND,LOW
342,USDZP161LF65,DZP161LF6,QUU,FUTURE,MED
343,USJTGWLIVJ36,JTGWLIVJ3,HXWY,BOND,MED
344,USFZYOOT8E18,FZYOOT8E1,EXOP,BOND,HIGH
345,USUE3F0EV982,UE3F0EV98,GNZL,BOND,HIGH
346,US3EHXWK0V04,3EHXWK0V0,CJZY,OPTION,MED
347,US2TQHIZW256,2TQHIZW25,QTN,BOND,MED
348,US8BV9AXFH94,8BV9AXFH9,IQV,BOND,MED
349,US83DDWEUP17,83DDWEUP1,DUGR,BOND,MED
350,UST6VWM1UN34,T6VWM1UN3,HNAQ,SWAP,HIGH
351,US59NNVPQW44,59NNVPQW4,UHT,BOND,LOW
352,USPDPT1BUJ62,PDPT1BUJ6,POWT,SWAP,HIGH
353,USAJBZYXPC75,AJBZYXPC7,PPG,FUTURE,HIGH
354,USD470UYHC07,D470UYHC0,VBRK,BOND,LOW
355,US46H3LYN643,46H3LYN64,GNU,BOND,HIGH
356,USPNT6AKZR79,PNT6AKZR7,PYL,BOND,HIGH
357,USCGNTC6BC05,CGNTC6BC0,QGZD,BOND,HIGH
358,USXNDQZFEA58,XNDQZFEA5,SXN,BOND,HIGH
359,USHXU6IWPI90,HXU6IWPI9,XJVI,BOND,MED
360,USFAJPQA9F55,FAJPQA9F5,NGT,BOND,HIGH
361,USQ4MRVDA810,Q4MRVDA81,PUR,BOND,MED
362,US4Y44X1P217,4Y44X1P21,SHKF,FUTURE,HIGH
363,USXH4TCKLJ95,XH4TCKLJ9,HTQN,BOND,HIGH
364,USUF2BSTHK31,UF2BSTHK3,HDQZ,BOND,MED
365,USPHVFW5HQ82,PHVFW5HQ8,YXER,BOND,LOW
366,USZR6BC2BF14,ZR6BC2BF1,FTMU,BOND,HIGH
367,USR0SSP3QZ21,R0SSP3QZ2,XHF,FUTURE,HIGH
368,USXNKXR4R124,XNKXR4R12,QIO,BOND,HIGH
369,USZB37DZ7S14,ZB37DZ7S1,NIIR,BOND,MED
370,USK9WG1ICJ51,K9WG1ICJ5,YSHA,SWAP,MED
371,US4ZYYWB4059,4ZYYWB405,LEDA,SWAP,MED
372,USYRYCULMK45,YRYCULMK4,VKL,BOND,MED
373,USEMSTNLDB56,EMSTNLDB5,ZXDN,SWAP,MED
374,USSGK689NB43,SGK689NB4,XDNF,REPO,MED
375,USH9UUY6F996,H9UUY6F99,KTB,FUTURE,MED
376,USO1EDE9ZJ61,O1EDE9ZJ6,MBOI,BOND,HIGH
377,USU22QF1HB48,U22QF1HB4,HQHX,BOND,LOW
378,US5PI57COK76,5PI57COK7,IUWF,BOND,HIGH
379,USKZ8W71L194,KZ8W71L19,RPC,BOND,HIGH
380,US3EBP7SJG72,3EBP7SJG7,DKR,FUTURE,MED
381,UST6H4KS0726,T6H4KS072,RAB,BOND,LOW
382,USPRWDZDWN08,PRWDZDWN0,MMB,BOND,LOW
383,US877EKJ6J04,877EKJ6J0,YDY,OPTION,MED
384,USMN1X0WGR79,MN1X0WGR7,VUF,REPO,HIGH
385,USD9R85L9848,D9R85L984,JMB,BOND,LOW
386,USO6X4ROI562,O6X4ROI56,AHP,BOND,HIGH
387,US8N11SSEL76,8N11SSEL7,HNX,FUTURE,HIGH
388,USD50DWG9P30,D50DWG9P3,VZOY,SWAP,MED
389,US45FIW6CY50,45FIW6CY5,ZMRN,BOND,HIGH
390,USGL3VF36F53,GL3VF36F5,WPHK,BOND,MED
391,US1Q648KCW36,1Q648KCW3,JGJ,BOND,LOW
392,US0JZR1AGI37,0JZR1AGI3,NAX,OPTION,HIGH
393,USERWT758B86,ERWT758B8,KNR,SWAP,HIGH
394,USMNU2ZHN093,MNU2ZHN09,AVI,SWAP,HIGH
395,USOGH1IPH642,OGH1IPH64,BOAS,BOND,HIGH
396,USXNXMXHVO15,XNXMXHVO1,MTQI,BOND,HIGH
397,USSQMLXEBT20,SQMLXEBT2,ICO,FUTURE,MED
398,US5LTS9RHN12,5LTS9RHN1,GZE,BOND,MED
399,USHIRV2SN083,HIRV2SN08,ODVN,SWAP,HIGH
400,US9G05CG7422,9G05CG742,ZPT,BOND,MED
401,US756HCAK283,756HCAK28,AKN,BOND,HIGH
402,USOO3ONB3541,OO3ONB354,EEAB,BOND,MED
403,US7J2DLUUX82,7J2DLUUX8,MCN,BOND,MED
404,USS6QB6SUN52,S6QB6SUN5,MGA,BOND,HIGH
405,USJHCUBKN945,JHCUBKN94,HGEW,FUTURE,HIGH
406,USOZHB11CQ20,OZHB11CQ2,CLM,BOND,HIGH
407,USAMWHPJ8604,AMWHPJ860,JAQN,SWAP,HIGH
408,USHOXLXY6E28,HOXLXY6E2,IVVL,BOND,MED
409,US60F0KRUN48,60F0KRUN4,WDBH,BOND,MED
410,US33EJJKE069,33EJJKE06,FTYN,BOND,MED
411,US3CTGX47Q76,3CTGX47Q7,WXLV,OPTION,HIGH
412,USGLJBSYKG29,GLJBSYKG2,WUE,BOND,HIGH
413,USO2VZ30SJ54,O2VZ30SJ5,CNMG,BOND,HIGH
414,USWKEQCYGF21,WKEQCYGF2,VMB,BOND,MED
415,USICVYZGET65,ICVYZGET6,XSW,SWAP,LOW
416,USX98IE99967,X98IE9996,GGFL,BOND,MED
417,USBTX3YLFE41,BTX3YLFE4,MCO,BOND,MED
418,USQNBWKFL936,QNBWKFL93,CCB,SWAP,LOW
419,USPVGHX49A61,PVGHX49A6,NRWV,BOND,HIGH
420,USODE7DYZI17,ODE7DYZI1,QGGP,BOND,HIGH
421,USUE850IND69,UE850IND6,KZE,SWAP,HIGH
422,USSZC8LROG03,SZC8LROG0,OCID,BOND,HIGH
423,USKJF03BD759,KJF03BD75,UDLH,BOND,HIGH
424,US3WK4AYR457,3WK4AYR45,KMVF,FUTURE,MED
425,USSFBTY55M19,SFBTY55M1,AHHU,REPO,HIGH
426,US40W9ZJV410,40W9ZJV41,ZXHT,BOND,LOW
427,USW978QKQY80,W978QKQY8,MFC,BOND,HIGH
428,USCUC62KFT00,CUC62KFT0,IVF,FUTURE,MED
429,US1HT1P4TB92,1HT1P4TB9,ZZSX,BOND,LOW
430,USKK9IMEST93,KK9IMEST9,AYR,SWAP,HIGH
431,USPH2H6LXM15,PH2H6LXM1,QQMK,BOND,LOW
432,USFBZM1ZZL29,FBZM1ZZL2,QTPU,BOND,MED
433,US1V1KXI4A57,1V1KXI4A5,FNJ,FUTURE,LOW
434,US8R8UUCQD45,8R8UUCQD4,EYY,REPO,MED
435,USYI8TJBAL24,YI8TJBAL2,KRBI,REPO,MED
436,USGWW7EYST12,GWW7EYST1,WAI,REPO,MED
437,USLXEVL5QF75,LXEVL5QF7,ULQG,BOND,MED
438,USHITAESWF69,HITAESWF6,SGPH,BOND,MED
439,USAG8498MQ19,AG8498MQ1,GYII,BOND,MED
440,USSTU3DFD648,STU3DFD64,OHT,BOND,HIGH
441,USLMRK932Z24,LMRK932Z2,BQV,OPTION,MED
442,USAW9Y3GE112,AW9Y3GE11,FBU,REPO,MED
443,USK146PJRK89,K146PJRK8,GWU,BOND,MED
444,USZXBQBX7678,ZXBQBX767,LIQU,BOND,LOW
445,USZIKYVVGI92,ZIKYVVGI9,HGJS,SWAP,MED
446,USLNG2FC1607,LNG2FC160,TAF,BOND,HIGH
447,US65719AVH25,65719AVH2,TTAZ,BOND,MED
448,USBIMMD89C15,BIMMD89C1,FEZ,BOND,MED
449,USEKKRJ0UJ67,EKKRJ0UJ6,XEK,OPTION,HIGH
450,USRWP6MPN646,RWP6MPN64,CDZ,FUTURE,HIGH
451,US3D6ZTZY277,3D6ZTZY27,GJSZ,BOND,MED
452,USMAWIW2FG08,MAWIW2FG0,BME,BOND,HIGH
453,USC5ESKTLU63,C5ESKTLU6,PJHK,BOND,LOW
454,USSA839LXM55,SA839LXM5,GNG,OPTION,HIGH
455,USJNE4YXQL47,JNE4YXQL4,ZJFN,BOND,LOW
456,USFSD0K94X28,FSD0K94X2,HIN,BOND,HIGH
457,US7JPS4PHU18,7JPS4PHU1,IVL,BOND,HIGH
458,USWGGXMD2E78,WGGXMD2E7,GBB,REPO,HIGH
459,USXT1O8NVY26,XT1O8NVY2,WAP,BOND,MED
460,USSB0UC8J830,SB0UC8J83,WUZ,BOND,LOW
461,US5IA639R019,5IA639R01,MHI,REPO,HIGH
462,USEUD9QCB003,EUD9QCB00,JOCY,REPO,HIGH
463,US7J4VSU9S46,7J4VSU9S4,DPE,SWAP,LOW
464,USUXLUCZWP64,UXLUCZWP6,HNH,SWAP,MED
465,US17MQVNDO38,17MQVNDO3,VNG,BOND,MED
466,USDGWLNQ6365,DGWLNQ636,VOVN,SWAP,HIGH
467,USJM18T7JI90,JM18T7JI9,HRS,BOND,MED
468,USBZGET05A69,BZGET05A6,XCOT,SWAP,HIGH
469,US0O99LUI029,0O99LUI02,KHQN,OPTION,HIGH
470,USHFZLMA0A74,HFZLMA0A7,OUXI,BOND,MED
471,USQKTW9NUK14,QKTW9NUK1,ZOJ,BOND,HIGH
472,USZA1YTZSI86,ZA1YTZSI8,CKQL,BOND,MED
473,USOZIXYEIX82,OZIXYEIX8,OUB,SWAP,HIGH
474,USCY9LYA3X47,CY9LYA3X4,QFOS,BOND,LOW
475,US8UVIAZXZ29,8UVIAZXZ2,YNFO,BOND,LOW
476,USYWIY39LM72,YWIY39LM7,GDU,OPTION,HIGH
477,US8SIC8EA490,8SIC8EA49,CMC,BOND,HIGH
478,USW4OWKZI603,W4OWKZI60,CQH,BOND,HIGH
479,US1L26B3QL68,1L26B3QL6,NZTZ,BOND,HIGH
480,USM84VOUM847,M84VOUM84,VTSZ,SWAP,LOW
481,USZSO7555O74,ZSO7555O7,OAB,OPTION,MED
482,US9W93QJ5W28,9W93QJ5W2,LAQ,SWAP,HIGH
483,USJ4X5O49A00,J4X5O49A0,RHV,BOND,LOW
484,USU1CSRUA394,U1CSRUA39,OIWY,REPO,LOW
485,USX9HO7QYA29,X9HO7QYA2,JSCL,BOND,MED
486,US4BZ1JS4158,4BZ1JS415,LYS,BOND,MED
487,USY2RTFM7B28,Y2RTFM7B2,BCHU,BOND,HIGH
488,USFHR1NOYP74,FHR1NOYP7,XIC,BOND,MED
489,US4FETSM8I05,4FETSM8I0,JWM,BOND,MED
490,USVQ4M76LN45,VQ4M76LN4,AJXV,BOND,MED
491,USE0KRO6LW20,E0KRO6LW2,QTH,BOND,MED
492,US4LN72CSQ57,4LN72CSQ5,RPQ,BOND,MED
493,USPSFQ3JS478,PSFQ3JS47,NZEB,FUTURE,HIGH
494,USFEHL30M450,FEHL30M45,TLFB,REPO,HIGH
495,USY8MWEJCX18,Y8MWEJCX1,TBRE,BOND,MED
496,US349NE95W18,349NE95W1,CSSW,FUTURE,MED
497,USH99WXI9181,H99WXI918,KEO,BOND,MED
498,USQMESFN1S03,QMESFN1S0,UMPX,FUTURE,MED
499,USH9CT1Z0091,H9CT1Z009,TTE,SWAP,HIGH
500,US00LCK5N862,00LCK5N86,EKR,BOND,HIGH
501,USJWUPFMDA27,JWUPFMDA2,QSF,BOND,MED
502,USYWA46QJK78,YWA46QJK7,NOIM,SWAP,MED
503,USMQXVI44B00,MQXVI44B0,FSXO,BOND,HIGH
504,US055Y20O028,055Y20O02,WAG,BOND,LOW
505,US27LXUYQE37,27LXUYQE3,MDH,REPO,HIGH
506,US9I5E4IRL98,9I5E4IRL9,STPU,SWAP,MED
507,USVTEEFIEO69,VTEEFIEO6,WST,OPTION,HIGH
508,USPYNCG5AH24,PYNCG5AH2,KEZE,BOND,MED
509,US7K17NX8996,7K17NX899,DRL,BOND,HIGH
510,USLT8K2FTG19,LT8K2FTG1,DBG,BOND,LOW
511,USB2ZIDXBE96,B2ZIDXBE9,XVCH,BOND,HIGH
512,USDZY0LHIW38,DZY0LHIW3,YYS,BOND,MED
513,USW035CCVX60,W035CCVX6,JIY,BOND,HIGH
514,USD6GR3B9B78,D6GR3B9B7,JUL,FUTURE,MED
515,US8YTRIL9Y01,8YTRIL9Y0,IOZF,BOND,HIGH
516,USPTC2J6W473,PTC2J6W47,BAE,BOND,MED
517,USOT2RTD7F18,OT2RTD7F1,QVO,OPTION,MED
518,UST78SN3AP89,T78SN3AP8,NVFZ,BOND,LOW
519,USRGVQ4EEV87,RGVQ4EEV8,BKJ,BOND,HIGH
520,US6M1IG0LW67,6M1IG0LW6,HLWR,BOND,HIGH
521,USPWOJZSAQ90,PWOJZSAQ9,XDHJ,BOND,HIGH
522,US84GB8LCY21,84GB8LCY2,YNF,OPTION,HIGH
523,US4D6TY59S10,4D6TY59S1,ESF,BOND,HIGH
524,USF32FS2NS34,F32FS2NS3,BVPO,SWAP,MED
525,USL5PW4N3F98,L5PW4N3F9,ENT,SWAP,MED
526,USAJAD7T8S03,AJAD7T8S0,IAXS,BOND,MED
527,USUIEMD5PY95,UIEMD5PY9,HCL,SWAP,MED
528,USW194ZTHS69,W194ZTHS6,URY,BOND,HIGH
529,USLNPTQ6QZ15,LNPTQ6QZ1,NSRC,BOND,HIGH
530,USLZ4C37QB07,LZ4C37QB0,WVR,SWAP,HIGH
531,US06ODCILN85,06ODCILN8,IVAI,SWAP,HIGH
532,USLISWCVWP73,LISWCVWP7,YZG,REPO,MED
533,USBGCPAXR603,BGCPAXR60,LFMY,BOND,MED
534,USYSOUZHSK13,YSOUZHSK1,VZE,FUTURE,HIGH
535,USG3D2FJ5Q05,G3D2FJ5Q0,TCT,BOND,MED
536,USEBKLWJ8Q21,EBKLWJ8Q2,RBFL,SWAP,MED
537,USRB6SQECZ21,RB6SQECZ2,DISJ,SWAP,HIGH
538,USZ14ALOC300,Z14ALOC30,JBC,BOND,MED
539,USVBK8SGPE15,VBK8SGPE1,XNCQ,BOND,HIGH
540,USR8B1EV0C11,R8B1EV0C1,VIJ,BOND,HIGH
541,US9Z2287E752,9Z2287E75,AGC,BOND,MED
542,US1BR12TCC04,1BR12TCC0,PBW,BOND,MED
543,US9HW96VPS83,9HW96VPS8,IFI,OPTION,MED
544,USO39DZ0D581,O39DZ0D58,IQXK,SWAP,MED
545,USVU9DCQ6720,VU9DCQ672,OKK,SWAP,HIGH
546,USGG1S97K187,GG1S97K18,RLZ,SWAP,MED
547,US9AXI87SE13,9AXI87SE1,ERQ,BOND,MED
548,USDUSK41MY22,DUSK41MY2,SHF,BOND,LOW
549,US4AVJFLOO93,4AVJFLOO9,TNQU,BOND,LOW
550,US8MVHQB8Q67,8MVHQB8Q6,GPFH,BOND,HIGH
551,USCYKGJXNL32,CYKGJXNL3,ACXO,REPO,HIGH
552,USHM5U49ST73,HM5U49ST7,KYH,BOND,MED
553,US7VGWWBI187,7VGWWBI18,LCI,BOND,HIGH
554,US0ZUUE2OS88,0ZUUE2OS8,TAW,FUTURE,HIGH
555,USMDW0VGDK69,MDW0VGDK6,OXOC,OPTION,HIGH
556,US3LL8D8CV99,3LL8D8CV9,SSN,FUTURE,MED
557,US0UWSGP4020,0UWSGP402,LJU,OPTION,MED
558,US58BQELXB85,58BQELXB8,ZZTF,SWAP,MED
559,USF71G2QJ956,F71G2QJ95,FFS,BOND,LOW
560,US0DBBZVTC31,0DBBZVTC3,HHXK,BOND,LOW
561,USFH2GIE9N25,FH2GIE9N2,INTC,BOND,LOW
562,USUZEPO8DZ68,UZEPO8DZ6,OGTF,SWAP,HIGH
563,USQYLH07O986,QYLH07O98,KVE,BOND,HIGH
564,USC8CA6GFR94,C8CA6GFR9,DRZG,BOND,HIGH
565,USL6HETUQB70,L6HETUQB7,WAUT,BOND,HIGH
566,US8DJIQRH914,8DJIQRH91,QBW,BOND,HIGH
567,US54UCZZ7U07,54UCZZ7U0,BZQK,BOND,MED
568,USOZTRIKOX61,OZTRIKOX6,WLE,BOND,MED
569,USC24VL9B645,C24VL9B64,QFL,FUTURE,HIGH
570,US7H99CVOV35,7H99CVOV3,OYQ,REPO,LOW
571,USBLHQNM2Z59,BLHQNM2Z5,SFF,FUTURE,MED
572,USM76ZMLQK65,M76ZMLQK6,EKJK,REPO,MED
573,USZM8L0IXE54,ZM8L0IXE5,NMI,BOND,LOW
574,USLLIFKMHV38,LLIFKMHV3,FHM,BOND,HIGH
575,USQKQI7ZNL61,QKQI7ZNL6,JSBS,BOND,HIGH
576,US4UT837HP10,4UT837HP1,FZKA,BOND,HIGH
577,USE8ZUS81Z90,E8ZUS81Z9,UFG,FUTURE,MED
578,USSDQLJKO169,SDQLJKO16,HWS,BOND,HIGH
579,USHSF6PG6M63,HSF6PG6M6,ZRSU,BOND,MED
580,US8BOF1EKQ95,8BOF1EKQ9,RRC,BOND,HIGH
581,USRQB21CSA95,RQB21CSA9,GZC,BOND,LOW
582,US6NDH7S5002,6NDH7S500,DJR,REPO,MED
583,USBH46X29A38,BH46X29A3,UGXO,SWAP,MED
584,USD1R1FI5H67,D1R1FI5H6,FXKF,SWAP,MED
585,USEHW2O9B691,EHW2O9B69,HWE,OPTION,MED
586,US27BDL24C66,27BDL24C6,LHWG,BOND,HIGH
587,US44224C7N54,44224C7N5,IEZ,BOND,MED
588,US933XJNZQ53,933XJNZQ5,HLXR,BOND,LOW
589,USA0JOPEO381,A0JOPEO38,QYC,SWAP,HIGH
590,USPT4IGTRR96,PT4IGTRR9,ELL,SWAP,HIGH
591,USRRCI5TQN47,RRCI5TQN4,CMSC,SWAP,MED
592,USR67VH78690,R67VH7869,ENCF,SWAP,HIGH
593,US3VHZXZ6Y13,3VHZXZ6Y1,UEB,REPO,HIGH
594,USZ6VWLDNY51,Z6VWLDNY5,IYI,SWAP,MED
595,USXTNWA8NG86,XTNWA8NG8,JZWZ,SWAP,HIGH
596,US7XCI8TFL68,7XCI8TFL6,TLOQ,REPO,HIGH
597,USNIH1LX1X82,NIH1LX1X8,BDAN,FUTURE,MED
598,US8TNVUCGC40,8TNVUCGC4,ZMF,BOND,MED
599,USO3JPNYVZ34,O3JPNYVZ3,HXV,SWAP,MED
600,USTGDJJXM606,TGDJJXM60,EIS,BOND,MED
601,USAZL5WBCL04,AZL5WBCL0,OPI,REPO,MED
602,USEZGCLVDB61,EZGCLVDB6,ANS,OPTION,LOW
603,US0DL0JDFH85,0DL0JDFH8,CVXE,OPTION,HIGH
604,US0HVGNYV199,0HVGNYV19,SET,OPTION,HIGH
605,USJS6O2XNE23,JS6O2XNE2,BGF,BOND,HIGH
606,USC3O9POO767,C3O9POO76,DDU,FUTURE,LOW
607,USTMCK35V221,TMCK35V22,ZOJ,BOND,MED
608,USH9HJ8HHR25,H9HJ8HHR2,RJZZ,FUTURE,HIGH
609,USPZJKKR6B15,PZJKKR6B1,JIB,BOND,LOW
610,USH4425HN827,H4425HN82,DJA,SWAP,LOW
611,USRBUHPB7F68,RBUHPB7F6,GWBQ,REPO,LOW
612,USC91CQKCK21,C91CQKCK2,QYG,BOND,MED
613,USDNZ74HQX22,DNZ74HQX2,OSQ,BOND,MED
614,USRRL2P60Y10,RRL2P60Y1,SLKV,SWAP,HIGH
615,US78J59YYK15,78J59YYK1,OQU,BOND,MED
616,USWVW3DMI540,WVW3DMI54,BYLK,BOND,LOW
617,USS7J55BDA99,S7J55BDA9,ODM,BOND,MED
618,USBII28G2I25,BII28G2I2,QST,BOND,MED
619,USHQ49188L05,HQ49188L0,KODL,BOND,MED
620,USKZO5L6IZ25,KZO5L6IZ2,JQZM,OPTION,HIGH
621,USTQUF79XS30,TQUF79XS3,WKN,OPTION,MED
622,USQ237R80V64,Q237R80V6,YQP,BOND,MED
623,USA6B60B0C16,A6B60B0C1,XGS,BOND,HIGH
624,US9YLH3E2Z50,9YLH3E2Z5,RDVH,BOND,LOW
625,US9UUMOKA604,9UUMOKA60,BGYM,BOND,MED
626,USD9JF1RL928,D9JF1RL92,LAAG,BOND,LOW
627,USLS2V2C4S30,LS2V2C4S3,XSY,BOND,MED
628,USX4AT611J22,X4AT611J2,GKZ,REPO,HIGH
629,USZP33S2MV24,ZP33S2MV2,QIG,BOND,MED
630,USIVJZUOT266,IVJZUOT26,FSM,BOND,MED
631,US5010AGXO08,5010AGXO0,HUF,SWAP,MED
632,USHHXU7X6S79,HHXU7X6S7,YLN,BOND,LOW
633,USMXC2KEHO57,MXC2KEHO5,GUH,FUTURE,MED
634,US1IWPFRMK78,1IWPFRMK7,MND,BOND,MED
635,US0QWGTBCR64,0QWGTBCR6,QJX,BOND,HIGH
636,USCSOS0E1998,CSOS0E199,IDE,BOND,MED
637,USZBJKT2GJ11,ZBJKT2GJ1,SXR,BOND,HIGH
638,USN4LJHASW37,N4LJHASW3,LFHN,BOND,HIGH
639,USWV9Q8Y4210,WV9Q8Y421,OUA,BOND,MED
640,USZVCXKNKE59,ZVCXKNKE5,QHFK,BOND,MED
641,USJZC2IUDI88,JZC2IUDI8,EHDJ,BOND,HIGH
642,USSZFHOV9E73,SZFHOV9E7,PMR,BOND,HIGH
643,US57OYUUT911,57OYUUT91,COM,BOND,MED
644,USZ992ARJC42,Z992ARJC4,XJJ,BOND,HIGH
645,US4NTXFZ4C04,4NTXFZ4C0,TMA,BOND,HIGH
646,USB8N0F4C821,B8N0F4C82,PZJ,BOND,MED
647,USNXE4MFGJ55,NXE4MFGJ5,QVMB,BOND,MED
648,USEAVHLFHY40,EAVHLFHY4,WXJR,BOND,HIGH
649,USJ3OTP0VG97,J3OTP0VG9,TLHZ,BOND,MED
650,US65XN60Q862,65XN60Q86,TMMQ,SWAP,HIGH
651,US4E0WUWKF89,4E0WUWKF8,INMV,BOND,HIGH
652,US8RL9FSQI74,8RL9FSQI7,CSGD,BOND,HIGH
653,USMFNFNNO799,MFNFNNO79,UOCD,FUTURE,HIGH
654,USP05LK7CK89,P05LK7CK8,CVM,BOND,HIGH
655,USOPSZB0PB94,OPSZB0PB9,QZC,BOND,MED
656,US7NPF4ETU25,7NPF4ETU2,SRZ,BOND,MED
657,USS8UQZZZ832,S8UQZZZ83,QJPR,REPO,MED
658,USQACOUC0E63,QACOUC0E6,YFZG,BOND,MED
659,USVZ3E1GI689,VZ3E1GI68,GVEG,BOND,LOW
660,USA6T1Q11H57,A6T1Q11H5,ZFMC,BOND,MED
661,USB9PSAAWU79,B9PSAAWU7,SHN,BOND,MED
662,USUZWPTYP658,UZWPTYP65,IPNE,BOND,LOW
663,US1C4JLO5248,1C4JLO524,JMGP,OPTION,LOW
664,US1B6R9PI159,1B6R9PI15,IVJH,BOND,HIGH
665,USPI4XU3HB76,PI4XU3HB7,RDKT,OPTION,MED
666,USPT1SEZD937,PT1SEZD93,WZP,BOND,MED
667,USIDRE3TOI32,IDRE3TOI3,DHQ,SWAP,MED
668,USGUTR60ET34,GUTR60ET3,JIQ,SWAP,MED
669,USEL0H4G8051,EL0H4G805,TOK,BOND,LOW
670,US2AK34SA024,2AK34SA02,WMV,BOND,HIGH
671,US03E1WNQP99,03E1WNQP9,XJTH,BOND,HIGH
672,USS20MKE0K26,S20MKE0K2,XUX,BOND,LOW
673,USAOT2MECP02,AOT2MECP0,KNKO,BOND,HIGH
674,USY03RKAEG71,Y03RKAEG7,UWT,BOND,LOW
675,USBG91P7JJ98,BG91P7JJ9,ABT,SWAP,MED
676,USBRCP2Y6C37,BRCP2Y6C3,EVD,BOND,HIGH
677,USBBMEAJUT20,BBMEAJUT2,VKX,BOND,MED
678,USKL8QOQ6D06,KL8QOQ6D0,PKHZ,BOND,LOW
679,US3OQPW3K255,3OQPW3K25,GVE,BOND,MED
680,USYENY10PK21,YENY10PK2,DWF,BOND,HIGH
681,USFPTRU03K95,FPTRU03K9,PMXP,OPTION,MED
682,USZMSFLLPC92,ZMSFLLPC9,EUUU,FUTURE,HIGH
683,US8WKGU8BF02,8WKGU8BF0,GLUB,BOND,HIGH
684,USV7K045RD76,V7K045RD7,GPR,BOND,HIGH
685,USNKFCUMRS88,NKFCUMRS8,GGOT,OPTION,MED
686,USAAR2L0NU01,AAR2L0NU0,RLZ,BOND,MED
687,US923CMDFU48,923CMDFU4,YMTD,BOND,MED
688,US1PBM81QZ90,1PBM81QZ9,KGW,BOND,HIGH
689,USVIF1SZVB41,VIF1SZVB4,VFSJ,FUTURE,HIGH
690,USNT3FSEMP70,NT3FSEMP7,DFP,BOND,MED
691,US5E2HGHNZ05,5E2HGHNZ0,EXG,OPTION,LOW
692,USL13ZWQZF23,L13ZWQZF2,QRNJ,BOND,MED
693,USLSKDOGM923,LSKDOGM92,RIN,BOND,HIGH
694,USH3W0JZVH33,H3W0JZVH3,ZZV,BOND,MED
695,US9TIM4AGD00,9TIM4AGD0,DEC,REPO,MED
696,US83MOHBYU50,83MOHBYU5,AMY,BOND,MED
697,US8A9LU7ZF67,8A9LU7ZF6,WZLJ,BOND,HIGH
698,USBTF8SA5X37,BTF8SA5X3,TNFU,SWAP,MED
699,US40FJ1P1T90,40FJ1P1T9,CWBV,REPO,MED
700,USKCK8KN3J77,KCK8KN3J7,JVXG,FUTURE,HIGH
701,USFNIZ52LA48,FNIZ52LA4,SET,FUTURE,LOW
702,USJHX3QSYR69,JHX3QSYR6,CMO,BOND,HIGH
703,US0995F57E71,0995F57E7,QZZ,BOND,HIGH
704,USXGX2QCF414,XGX2QCF41,RCGP,OPTION,MED
705,US4SQLTD3U37,4SQLTD3U3,OIYA,BOND,MED
706,USEV68G6F406,EV68G6F40,FDB,BOND,HIGH
707,USFGJDOX4O79,FGJDOX4O7,DOF,BOND,HIGH
708,USITTTUMWX66,ITTTUMWX6,SNV,BOND,MED
709,USMAY0A92F26,MAY0A92F2,FAZ,BOND,MED
710,USJDD7NI4M79,JDD7NI4M7,QUA,BOND,HIGH
711,USSZMH5DAV00,SZMH5DAV0,LTSZ,BOND,LOW
712,USZAPQ9J5X96,ZAPQ9J5X9,EDI,OPTION,MED
713,USQEI5X3P371,QEI5X3P37,ZDW,SWAP,MED
714,USZ61ENDZI82,Z61ENDZI8,AXPD,REPO,HIGH
715,USZRZK81AZ33,ZRZK81AZ3,NQE,BOND,HIGH
716,USDD28IZNL29,DD28IZNL2,MGHU,FUTURE,MED
717,US9BPC8UPA18,9BPC8UPA1,MFU,SWAP,LOW
718,USNI4G9CBB64,NI4G9CBB6,ZPVY,BOND,HIGH
719,US86TDHPRU28,86TDHPRU2,CXK,BOND,MED
720,USZ207NTYY47,Z207NTYY4,BLBF,BOND,LOW
721,USIIAA8O7Q59,IIAA8O7Q5,KGW,BOND,HIGH
722,USIWOUJI1092,IWOUJI109,ZRUE,BOND,MED
723,US52AHEJ4866,52AHEJ486,DBSV,BOND,HIGH
724,USVHQ6YLOX72,VHQ6YLOX7,LJWM,REPO,HIGH
725,US7L1D3F7V70,7L1D3F7V7,AGYV,SWAP,HIGH
726,USY5QI7DR764,Y5QI7DR76,XQZ,SWAP,MED
727,US0CAB0Q7B14,0CAB0Q7B1,OOJ,OPTION,MED
728,US2WZ326AN89,2WZ326AN8,CYCJ,BOND,HIGH
729,US60EPA84289,60EPA8428,ZGL,BOND,HIGH
730,USTH8737ID41,TH8737ID4,DDWK,SWAP,HIGH
731,USX59AW3KA77,X59AW3KA7,MSI,SWAP,LOW
732,USN7OGDJ9965,N7OGDJ996,WYTS,REPO,LOW
733,US09V44B7878,09V44B787,VBK,OPTION,MED
734,USK0SVY68934,K0SVY6893,LIU,OPTION,HIGH
735,US23JF2P8B07,23JF2P8B0,TXG,FUTURE,MED
736,USTDBWOVJJ41,TDBWOVJJ4,QZOR,SWAP,HIGH
737,USXVJK9PX443,XVJK9PX44,NNZP,OPTION,MED
738,USZE7R3INT68,ZE7R3INT6,TXJI,BOND,MED
739,USVMES24DL26,VMES24DL2,PGE,OPTION,MED
740,USTA5ZGUXC01,TA5ZGUXC0,YKYG,BOND,MED
741,USJ7GZAMDH17,J7GZAMDH1,NVX,BOND,MED
742,USFFR9XF1F08,FFR9XF1F0,MOO,BOND,HIGH
743,USUORLRLDE16,UORLRLDE1,LPI,BOND,MED
744,US1HUWJAO682,1HUWJAO68,UZI,BOND,MED
745,USWNS2XJDD26,WNS2XJDD2,DMF,FUTURE,MED
746,USFNLABNBB15,FNLABNBB1,NFME,SWAP,MED
747,USJ5T33Q6893,J5T33Q689,WGC,BOND,HIGH
748,US5CF9JE4R12,5CF9JE4R1,NKFA,BOND,HIGH
749,USC07EO5L679,C07EO5L67,DYO,BOND,MED
750,USKICNCUN938,KICNCUN93,TBU,BOND,MED
751,USXJJKMW7J71,XJJKMW7J7,QKX,BOND,MED
752,USQEG056JA54,QEG056JA5,GLFP,REPO,HIGH
753,USDHZB7H7550,DHZB7H755,VCA,OPTION,LOW
754,US5FJ6HLZU14,5FJ6HLZU1,IJNA,BOND,HIGH
755,US0HU3MUM672,0HU3MUM67,RVPP,OPTION,HIGH
756,USM9K54YNS04,M9K54YNS0,KNY,FUTURE,HIGH
757,US07BA17GB42,07BA17GB4,MKE,SWAP,MED
758,USGJW3I01352,GJW3I0135,ZGH,BOND,MED
759,USR4YCF3NZ62,R4YCF3NZ6,GTO,BOND,HIGH
760,USI0SU6OJY35,I0SU6OJY3,BLVN,BOND,LOW
761,US9GVLT7WH80,9GVLT7WH8,BFV,BOND,HIGH
762,USW0DA76NO26,W0DA76NO2,NQDV,BOND,HIGH
763,USTOMXKPF328,TOMXKPF32,DTCG,SWAP,LOW
764,USCOAJW1KO23,COAJW1KO2,VOR,BOND,LOW
765,US8UJBJXO468,8UJBJXO46,JAD,BOND,MED
766,USR62YRA4O50,R62YRA4O5,XEU,BOND,MED
767,US33GPJSHV20,33GPJSHV2,AXK,BOND,HIGH
768,US2BXDSZPO49,2BXDSZPO4,WPFW,BOND,HIGH
769,US4QXHM4SL81,4QXHM4SL8,AXT,REPO,HIGH
770,USBE32746I14,BE32746I1,JEMV,BOND,MED
771,USM6K8IM6434,M6K8IM643,NRHN,BOND,MED
772,USZETIYOT519,ZETIYOT51,FSX,OPTION,MED
773,USF896XXD527,F896XXD52,OPC,BOND,LOW
774,USTJ86DRLZ40,TJ86DRLZ4,HORO,BOND,HIGH
775,US24519I6B51,24519I6B5,YDU,SWAP,MED
776,USM2DZFCQ682,M2DZFCQ68,SBFT,SWAP,HIGH
777,US4WY1OLR065,4WY1OLR06,CYH,BOND,LOW
778,US6GSR8OYL72,6GSR8OYL7,LUY,BOND,HIGH
779,US79355V8T62,79355V8T6,VDWM,OPTION,LOW
780,US17WIBBCJ06,17WIBBCJ0,DNT,BOND,HIGH
781,USTP5RZEDU27,TP5RZEDU2,BPA,BOND,MED
782,USC5ZD98UM38,C5ZD98UM3,VGZ,BOND,HIGH
783,US13SAGORT09,13SAGORT0,EDQO,BOND,LOW
784,USTGG9SBLE18,TGG9SBLE1,TMU,REPO,LOW
785,USATL5JU5T80,ATL5JU5T8,YSTP,FUTURE,HIGH
786,USXMFVXG4562,XMFVXG456,WQP,SWAP,MED
787,US2RDD0DJE90,2RDD0DJE9,AEGX,BOND,HIGH
788,USQCSAA46179,QCSAA4617,BKO,FUTURE,HIGH
789,USKE35J9JI67,KE35J9JI6,YFM,BOND,LOW
790,US56E31E6A20,56E31E6A2,RDFU,BOND,HIGH
791,USQ43RHVWY70,Q43RHVWY7,SQU,BOND,MED
792,USDIMR4AQA87,DIMR4AQA8,NOXG,BOND,MED
793,USO40Z36Q628,O40Z36Q62,NKGL,BOND,HIGH
794,USTNNKVQUB21,TNNKVQUB2,OFC,BOND,MED
795,USKM1B57B602,KM1B57B60,XCFQ,FUTURE,HIGH
796,US5HM74E8C10,5HM74E8C1,WTT,OPTION,HIGH
797,US6934V79633,6934V7963,NFMT,BOND,MED
798,US6BO8HJQ598,6BO8HJQ59,EWXA,BOND,HIGH
799,US1T522S8B24,1T522S8B2,CLZH,OPTION,HIGH
800,USG1C43JAE52,G1C43JAE5,VHGC,BOND,HIGH
801,USQB6OYRPK30,QB6OYRPK3,SCY,BOND,HIGH
802,USYYHY16DB50,YYHY16DB5,BYJY,BOND,MED
803,US956A0LR071,956A0LR07,CPOH,BOND,HIGH
804,USB6U83HTE49,B6U83HTE4,EVC,BOND,HIGH
805,USK6DLI28204,K6DLI2820,EPA,BOND,LOW
806,US21XIYDXT72,21XIYDXT7,NMA,BOND,LOW
807,US6GWMBLET05,6GWMBLET0,ITEL,BOND,MED
808,USO7J0S9EF25,O7J0S9EF2,XWEI,SWAP,HIGH
809,USNFXXPXAG94,NFXXPXAG9,HFCX,BOND,MED
810,US835G4A4D88,835G4A4D8,OEV,SWAP,LOW
811,USHG1ZQH2Y84,HG1ZQH2Y8,MELX,FUTURE,LOW
812,USREINIWZG03,REINIWZG0,ZAFU,BOND,HIGH
813,USA6Y8FK8W49,A6Y8FK8W4,HXHA,BOND,MED
814,US58V7N17D73,58V7N17D7,DPX,OPTION,LOW
815,US10MAPW8E81,10MAPW8E8,ORLB,BOND,MED
816,USZBLV9FPN86,ZBLV9FPN8,IQYB,OPTION,MED
817,USMXRGP8QW82,MXRGP8QW8,BUH,BOND,HIGH
818,US2PW6CZCG71,2PW6CZCG7,WWOQ,BOND,HIGH
819,US83Z1OMYM79,83Z1OMYM7,JGG,BOND,MED
820,USRSJZJD5Y63,RSJZJD5Y6,EZF,BOND,LOW
821,USJAL3EAW987,JAL3EAW98,VQRU,BOND,HIGH
822,US02P5RHE153,02P5RHE15,RWU,BOND,MED
823,USNP1CLSP104,NP1CLSP10,YFW,OPTION,LOW
824,USI24KQI9P80,I24KQI9P8,HRNU,BOND,MED
825,USAENNDYM857,AENNDYM85,XMYQ,BOND,HIGH
826,USE6IAXAGI75,E6IAXAGI7,SXOY,BOND,LOW
827,USCFTUHMUN86,CFTUHMUN8,CREK,FUTURE,HIGH
828,USDT6CAPUC68,DT6CAPUC6,KUCC,BOND,LOW
829,USRL21F27959,RL21F2795,FCES,BOND,MED
830,USNFK7I4DF11,NFK7I4DF1,BBWX,BOND,MED
831,US78II8FAH94,78II8FAH9,XHS,BOND,MED
832,USTB1H3DRT49,TB1H3DRT4,QEM,BOND,MED
833,USN56INNO998,N56INNO99,LAAQ,BOND,MED
834,USTYNN473L28,TYNN473L2,BAV,BOND,MED
835,US275V3LM494,275V3LM49,TQL,BOND,HIGH
836,US4JKSZ5TY85,4JKSZ5TY8,IGD,SWAP,HIGH
837,US41BKY87495,41BKY8749,IAOL,OPTION,MED
838,USIQ4673JW44,IQ4673JW4,VDY,BOND,HIGH
839,USDVQPF6TF26,DVQPF6TF2,IBI,FUTURE,MED
840,USDLA8MAA623,DLA8MAA62,SEN,BOND,HIGH
841,US244DR73929,244DR7392,IIS,BOND,HIGH
842,USAEZZNRG293,AEZZNRG29,IHE,SWAP,MED
843,USU7O1A9FL21,U7O1A9FL2,BUGW,OPTION,LOW
844,USSEBM7UJU13,SEBM7UJU1,SYYV,REPO,LOW
845,USV33KP3CA56,V33KP3CA5,NIM,BOND,HIGH
846,USVITOIQUN55,VITOIQUN5,VQC,OPTION,HIGH
847,USFG9ASOFC47,FG9ASOFC4,STYH,BOND,HIGH
848,US6BETAFSO68,6BETAFSO6,TWYC,BOND,MED
849,USESHUOWIR63,ESHUOWIR6,KIIZ,FUTURE,MED
850,USRH4ZHMYQ39,RH4ZHMYQ3,KKG,BOND,MED
851,US3229EUVK38,3229EUVK3,UFYH,BOND,HIGH
852,USJ35CTESL60,J35CTESL6,SZO,REPO,HIGH
853,USEOCZH5R623,EOCZH5R62,EGP,SWAP,MED
854,US605HQWIY10,605HQWIY1,LYQI,BOND,HIGH
855,USP9E16HYX50,P9E16HYX5,AHD,BOND,LOW
856,USI7WL0XI533,I7WL0XI53,KJX,SWAP,MED
857,USGS9WTMOY44,GS9WTMOY4,RITL,OPTION,MED
858,USJL6J0AAN43,JL6J0AAN4,GRZU,BOND,MED
859,US0P0BYV9K35,0P0BYV9K3,FJV,BOND,HIGH
860,US7XDGGARO23,7XDGGARO2,AFDO,REPO,LOW
861,USIBCECP3W30,IBCECP3W3,XEQP,BOND,MED
862,USO99024ES08,O99024ES0,QSV,FUTURE,HIGH
863,USDS5A88SQ68,DS5A88SQ6,TKSX,BOND,LOW
864,USAMQGFJ1H37,AMQGFJ1H3,RMJE,SWAP,HIGH
865,USYGMNJ31O59,YGMNJ31O5,FXWB,BOND,HIGH
866,USQRP4DJBC54,QRP4DJBC5,QBSR,SWAP,LOW
867,USQQRCBAUJ27,QQRCBAUJ2,KYP,BOND,MED
868,USK8D9WQWZ47,K8D9WQWZ4,CMH,BOND,MED
869,US1GOG9H7M21,1GOG9H7M2,JHUS,FUTURE,HIGH
870,USTCRLKRK965,TCRLKRK96,SRI,BOND,HIGH
871,USQXWSG5TB19,QXWSG5TB1,OHHQ,BOND,MED
872,US8OUMG9WV01,8OUMG9WV0,VQM,FUTURE,HIGH
873,US1X5ZEX3I60,1X5ZEX3I6,CYMS,BOND,MED
874,USNY3E4FMM99,NY3E4FMM9,ZZI,BOND,MED
875,USHQ9KSP5D41,HQ9KSP5D4,MQF,REPO,HIGH
876,US9P3MI7RZ50,9P3MI7RZ5,CPRS,SWAP,MED
877,US7IS4L76X08,7IS4L76X0,ZZQ,BOND,MED
878,USQOIXDSBV48,QOIXDSBV4,RKR,FUTURE,MED
879,USBUVOUBXP81,BUVOUBXP8,LBQ,SWAP,MED
880,USDUCFBF3307,DUCFBF330,XRVA,BOND,HIGH
881,US7XDHMQ9595,7XDHMQ959,TBG,SWAP,MED
882,USR9W0K41R72,R9W0K41R7,QSO,OPTION,MED
883,USXOZ3T16M16,XOZ3T16M1,TRL,BOND,MED
884,USLCEF636W59,LCEF636W5,FVBU,BOND,HIGH
885,USFETEZ61194,FETEZ6119,WWRQ,SWAP,MED
886,US97SJBSL584,97SJBSL58,KZYE,BOND,HIGH
887,USK713LZ0X45,K713LZ0X4,YFJS,BOND,HIGH
888,USC97T78W339,C97T78W33,QTA,BOND,MED
889,US8S09SNW075,8S09SNW07,WBO,BOND,LOW
890,USBJCA57GQ82,BJCA57GQ8,WXL,BOND,LOW
891,USV0ANH2SO11,V0ANH2SO1,BOM,BOND,MED
892,USCZNB8BS666,CZNB8BS66,TBEK,BOND,MED
893,USXHZJIB7B47,XHZJIB7B4,VIRO,BOND,MED
894,USYK1WFS0017,YK1WFS001,FDI,BOND,MED
895,USOK5HLDNK84,OK5HLDNK8,GFU,BOND,LOW
896,USP2KSQWIL31,P2KSQWIL3,SDL,OPTION,LOW
897,USW4YD44TR08,W4YD44TR0,HFU,BOND,LOW
898,USAQRL5OXL82,AQRL5OXL8,AAUR,BOND,HIGH
899,USAT3A6SDS94,AT3A6SDS9,CPRM,BOND,HIGH
900,USVR2BWBTW18,VR2BWBTW1,TXOR,BOND,MED
901,USHSX7LTS203,HSX7LTS20,TYL,FUTURE,MED
902,USCFUODL2238,CFUODL223,JGB,FUTURE,HIGH
903,USK5WCD3L457,K5WCD3L45,AYJ,BOND,LOW
904,USWLXHYSNV54,WLXHYSNV5,RVT,BOND,LOW
905,US9TKXHREM49,9TKXHREM4,UDRF,SWAP,MED
906,USS4J0O8NR57,S4J0O8NR5,KIF,BOND,HIGH
907,USKK879C9720,KK879C972,TWP,BOND,MED
908,US6NFBEWUY24,6NFBEWUY2,RJCB,BOND,MED
909,US195IBKYB94,195IBKYB9,CADO,BOND,MED
910,US7CGMJ47R88,7CGMJ47R8,WGE,FUTURE,HIGH
911,USQJQU1Q2U16,QJQU1Q2U1,GGP,REPO,HIGH
912,US2FW6YJW870,2FW6YJW87,PES,BOND,MED
913,USZ5DLVQAN91,Z5DLVQAN9,KAGB,FUTURE,MED
914,USMRMR6KWT69,MRMR6KWT6,AWAV,BOND,MED
915,USBMMOQX8485,BMMOQX848,WKW,BOND,MED
916,US2DZ0F9BD74,2DZ0F9BD7,GMZ,BOND,MED
917,US0RBOPKP745,0RBOPKP74,IMNL,BOND,MED
918,US06M7ASRW74,06M7ASRW7,XEDS,FUTURE,MED
919,USSS3IJ0Z414,SS3IJ0Z41,VYZP,SWAP,MED
920,USKJJ8JIFW57,KJJ8JIFW5,ABCH,BOND,MED
921,US6CZFP1UV74,6CZFP1UV7,CGN,BOND,HIGH
922,USXTUNW5L581,XTUNW5L58,VYFW,BOND,LOW
923,US94SO3HTJ97,94SO3HTJ9,XZET,BOND,MED
924,USRX3KO1W256,RX3KO1W25,JQTF,REPO,HIGH
925,USRDZHZJTM03,RDZHZJTM0,NJEL,SWAP,MED
926,USXAK29B9H79,XAK29B9H7,TSTN,OPTION,MED
927,USIBDV5TTH99,IBDV5TTH9,HARG,BOND,MED
928,USDM6CPACW43,DM6CPACW4,LOZ,SWAP,HIGH
929,USKSFXW40308,KSFXW4030,APP,BOND,HIGH
930,USUA4VYA3V37,UA4VYA3V3,JKKE,BOND,MED
931,USZAA7N7RL93,ZAA7N7RL9,BAC,BOND,LOW
932,USEQZ8E1PF63,EQZ8E1PF6,HYSJ,BOND,MED
933,USJI1XYFRE92,JI1XYFRE9,DGG,BOND,HIGH
934,USVS10R3WM65,VS10R3WM6,NWI,SWAP,HIGH
935,USGB0GLA5C82,GB0GLA5C8,VDF,BOND,LOW
936,US8S5NUEBX96,8S5NUEBX9,ZHGN,BOND,HIGH
937,USUVYTPLMU66,UVYTPLMU6,HXV,REPO,HIGH
938,USZJBO8U9B05,ZJBO8U9B0,HGC,BOND,MED
939,USCYX1801J58,CYX1801J5,FNPS,REPO,HIGH
940,US6Q1CZ1QS11,6Q1CZ1QS1,BWTV,OPTION,MED
941,USWPNDHH9W36,WPNDHH9W3,BATW,BOND,HIGH
942,US65SHUI1Y95,65SHUI1Y9,BUV,BOND,HIGH
943,USQJWHXGZM25,QJWHXGZM2,JNWX,BOND,HIGH
944,USL3J0447939,L3J044793,RUF,REPO,LOW
945,US61J3ZEC131,61J3ZEC13,UNL,BOND,HIGH
946,USTF424FA754,TF424FA75,CCYK,SWAP,HIGH
947,USX0P0B45512,X0P0B4551,AHH,BOND,HIGH
948,USQY7NB56516,QY7NB5651,OFN,SWAP,LOW
949,USX2DAL5QS19,X2DAL5QS1,CZT,SWAP,MED
950,USB19KMHWD98,B19KMHWD9,GPY,BOND,LOW
951,USPZFF9DVJ52,PZFF9DVJ5,BMG,BOND,MED
952,USGP9YQ96W29,GP9YQ96W2,IMAV,SWAP,HIGH
953,USN6TVXSJB23,N6TVXSJB2,ZFHJ,BOND,HIGH
954,US1G2VIAUL40,1G2VIAUL4,QWL,FUTURE,MED
955,US7FN9SR4455,7FN9SR445,QST,BOND,MED
956,US7ZUTLQQD44,7ZUTLQQD4,DBQK,BOND,HIGH
957,US3NL4HNH005,3NL4HNH00,MWS,BOND,MED
958,USCSFJDTBW04,CSFJDTBW0,PIST,BOND,HIGH
959,USUCDENEF145,UCDENEF14,FVYT,SWAP,HIGH
960,US9SQ2TJPA71,9SQ2TJPA7,ZKBL,OPTION,LOW
961,USOKSMWX5750,OKSMWX575,JCJP,BOND,HIGH
962,USUJTYJ0XP09,UJTYJ0XP0,RRD,BOND,HIGH
963,US7YQJC8C157,7YQJC8C15,JAE,BOND,MED
964,US2HGJS64633,2HGJS6463,YGMH,REPO,MED
965,USWSVGAAK269,WSVGAAK26,UUGF,REPO,HIGH
966,USCHNW5HG974,CHNW5HG97,HUZ,REPO,MED
967,US7TIXMKSV34,7TIXMKSV3,SUJ,OPTION,HIGH
968,USKED3UES968,KED3UES96,YJHT,FUTURE,HIGH
969,USSRSZ2DGU17,SRSZ2DGU1,BTP,SWAP,MED
970,USGVHDNGKZ08,GVHDNGKZ0,UIH,SWAP,LOW
971,US904HSG4431,904HSG443,CMT,FUTURE,HIGH
972,US577MILLP22,577MILLP2,VNO,FUTURE,MED
973,USJ6ZCC0JI14,J6ZCC0JI1,TKXZ,REPO,MED
974,USF1EAQLNV83,F1EAQLNV8,LBWA,BOND,MED
975,USSYU5LP8302,SYU5LP830,DKV,SWAP,HIGH
976,USQ365CQ6110,Q365CQ611,LAP,REPO,LOW
977,USZQORM61Q58,ZQORM61Q5,CGKP,BOND,MED
978,USHCKCRCY480,HCKCRCY48,JKWM,OPTION,LOW
979,USR1GRQKVH00,R1GRQKVH0,ZWL,BOND,MED
980,USDM9PK3L116,DM9PK3L11,PJVV,SWAP,HIGH
981,USYFQUE91A97,YFQUE91A9,JOC,BOND,MED
982,US8W0X3D2N76,8W0X3D2N7,OHZ,BOND,MED
983,US1KGGKNRT93,1KGGKNRT9,KXS,REPO,HIGH
984,US6ZZB306I73,6ZZB306I7,VFQV,FUTURE,MED
985,USCVFMFY7W81,CVFMFY7W8,JRTO,BOND,MED
986,USBK3UPKEI04,BK3UPKEI0,JXD,BOND,HIGH
987,US4T3ZZGGR48,4T3ZZGGR4,CPTF,BOND,MED
988,US9IUTJUCI87,9IUTJUCI8,JLA,BOND,HIGH
989,USMOJSAT2232,MOJSAT223,OVIC,BOND,MED
990,US2CUFMUZ408,2CUFMUZ40,JXGY,SWAP,MED
991,USOAQC88PZ96,OAQC88PZ9,IPEV,SWAP,HIGH
992,USY4XMDX9H90,Y4XMDX9H9,SAL,SWAP,MED
993,USHEEHJA7199,HEEHJA719,FJNO,BOND,HIGH
994,USVWBIFWYX06,VWBIFWYX0,KNYD,OPTION,HIGH
995,US3H4T60TD85,3H4T60TD8,PAF,SWAP,HIGH
996,USDXDER68O88,DXDER68O8,YZVE,FUTURE,HIGH
997,USWF2HWHEB20,WF2HWHEB2,WDYK,BOND,MED
998,USPL5R4D2A79,PL5R4D2A7,KPVV,BOND,MED
999,US5W4XPREF52,5W4XPREF5,JPH,FUTURE,MED
1000,USUQGM6HYZ80,UQGM6HYZ8,XBE,SWAP,HIGH
1001,USDTLDQ40550,DTLDQ4055,SOCI,FUTURE,HIGH
1002,USYXAI41GD02,YXAI41GD0,LAFH,REPO,LOW
1003,USTWK0RDME62,TWK0RDME6,KME,FUTURE,HIGH
1004,US0WMS3G2Z83,0WMS3G2Z8,NFIV,BOND,MED
1005,USME5PF4EQ00,ME5PF4EQ0,KALI,OPTION,MED
1006,USGFU4Y7UP95,GFU4Y7UP9,PLQ,OPTION,MED
1007,USOCTFIDUW41,OCTFIDUW4,XVA,BOND,MED
1008,USHUWSIOMB15,HUWSIOMB1,KJME,SWAP,MED
1009,USISB08MC740,ISB08MC74,PYOY,OPTION,HIGH
1010,USKFCNGKAQ36,KFCNGKAQ3,NWA,SWAP,MED
1011,US2VB38PME57,2VB38PME5,LIMN,SWAP,MED
1012,USFVB1QY8Z51,FVB1QY8Z5,BLW,BOND,HIGH
1013,US8J4VOUAZ99,8J4VOUAZ9,NGO,BOND,MED
1014,USDGUVQJVD93,DGUVQJVD9,TBHQ,SWAP,HIGH
1015,USBGV52M7V32,BGV52M7V3,EJZI,BOND,HIGH
1016,USOU4YV6IG90,OU4YV6IG9,CPEL,BOND,MED
1017,USI5B6JU7E29,I5B6JU7E2,JGWM,SWAP,HIGH
1018,US1FUIPVYL68,1FUIPVYL6,OYPR,BOND,HIGH
1019,USQ18JWJGL28,Q18JWJGL2,YFR,BOND,HIGH
1020,US302VM5JN29,302VM5JN2,DPRG,BOND,MED
1021,US35OX2E4365,35OX2E436,ACEP,BOND,MED
1022,USNM7F94J006,NM7F94J00,YLS,FUTURE,HIGH
1023,US3TKKT59C10,3TKKT59C1,TOAR,BOND,MED
1024,US9LYNQ7S621,9LYNQ7S62,JET,REPO,MED
1025,USJJFASZ8558,JJFASZ855,QMCW,BOND,HIGH
1026,USHKLIQ3WO56,HKLIQ3WO5,DDTN,BOND,MED
1027,US470WRMO408,470WRMO40,MHCB,BOND,HIGH
1028,USP7UPBYOJ71,P7UPBYOJ7,BQR,BOND,HIGH
1029,US5WYW7FDN41,5WYW7FDN4,QID,BOND,HIGH
1030,USCRUVUQ9323,CRUVUQ932,DGZY,OPTION,MED
1031,US5T446DJS54,5T446DJS5,KGZ,BOND,MED
1032,USF55TPHFH84,F55TPHFH8,UYR,FUTURE,HIGH
1033,USTO4TN9G338,TO4TN9G33,XTI,BOND,MED
1034,US30S5105Z31,30S5105Z3,OTXT,BOND,MED
1035,US27BCHCFJ46,27BCHCFJ4,JWC,SWAP,LOW
1036,USJZGV57L707,JZGV57L70,KSIP,BOND,HIGH
1037,USAJ5M2D4B77,AJ5M2D4B7,WFQB,SWAP,MED
1038,US6IGMTVO885,6IGMTVO88,HNT,BOND,LOW
1039,USG5SIWKEK51,G5SIWKEK5,ATFD,SWAP,MED
1040,USZMXDK6EF76,ZMXDK6EF7,FNQW,BOND,MED
1041,USL06HXS9400,L06HXS940,MMZE,BOND,MED
1042,USDK2UK2X691,DK2UK2X69,RVD,BOND,HIGH
1043,USTRQAY5KM25,TRQAY5KM2,QDD,BOND,HIGH
1044,USVALJZXNR64,VALJZXNR6,BER,FUTURE,HIGH
1045,USPMWXF8KZ64,PMWXF8KZ6,VDX,FUTURE,HIGH
1046,USNZOW1N4K38,NZOW1N4K3,JFL,BOND,LOW
1047,USLSAEBQ7A71,LSAEBQ7A7,BHZ,BOND,HIGH
1048,USARFSSRXH17,ARFSSRXH1,CYKQ,BOND,MED
1049,US8YYAQNIB80,8YYAQNIB8,YIQG,OPTION,LOW
1050,US29809XSW08,29809XSW0,YKIW,BOND,HIGH
1051,USUUCY3XN043,UUCY3XN04,UBMS,OPTION,LOW
1052,US6VRYPTKN11,6VRYPTKN1,YGMM,BOND,MED
1053,US489QBUD843,489QBUD84,BPT,BOND,LOW
1054,USDR1AHD5W36,DR1AHD5W3,KZX,BOND,MED
1055,USAKJ1X1QL13,AKJ1X1QL1,VZW,BOND,LOW
1056,US6FINQWSR58,6FINQWSR5,CAYG,FUTURE,MED
1057,USRVK0MQ9W11,RVK0MQ9W1,QXQ,BOND,HIGH
1058,USTRX868ON83,TRX868ON8,PJZR,SWAP,HIGH
1059,US2DYCN0X892,2DYCN0X89,CEYA,BOND,HIGH
1060,US8LEQZSPD04,8LEQZSPD0,DKUL,FUTURE,HIGH
1061,USWZAQGP7926,WZAQGP792,JBUU,BOND,HIGH
1062,USBN512J1V91,BN512J1V9,PDM,BOND,HIGH
1063,US45A5PPQ606,45A5PPQ60,ZPV,BOND,HIGH
1064,USKKVVS75S17,KKVVS75S1,KNLO,FUTURE,MED
1065,USEN59SXA578,EN59SXA57,NTDY,REPO,MED
1066,US90GX3TWK73,90GX3TWK7,SNRB,BOND,HIGH
1067,US8NOKEIYD37,8NOKEIYD3,VSL,BOND,MED
1068,US0VMCE7E157,0VMCE7E15,DTZY,BOND,HIGH
1069,USHIHVARE936,HIHVARE93,GFT,BOND,HIGH
1070,USOC49N86806,OC49N8680,SZCE,BOND,MED
1071,USZ4DUL3FI08,Z4DUL3FI0,VBU,OPTION,LOW
1072,US6BZLTCDM72,6BZLTCDM7,MJH,BOND,LOW
1073,USNECP1CRU54,NECP1CRU5,ICYT,BOND,MED
1074,USJ3AJX3N390,J3AJX3N39,XSE,OPTION,MED
1075,USXJP7AL8069,XJP7AL806,SXZ,FUTURE,HIGH
1076,USHZRZAL0930,HZRZAL093,XYU,BOND,MED
1077,US21HGVDL735,21HGVDL73,HHDC,BOND,MED
1078,US727F6DFO74,727F6DFO7,DJD,BOND,LOW
1079,US6881BZWT00,6881BZWT0,IYEI,SWAP,LOW
1080,USLSPVDW5Q55,LSPVDW5Q5,PTZ,BOND,HIGH
1081,US3B2VDVIA02,3B2VDVIA0,ACGV,OPTION,LOW
1082,USAZU5IF9L14,AZU5IF9L1,ADGC,BOND,HIGH
1083,US6B4YJPX842,6B4YJPX84,JDP,REPO,HIGH
1084,USQYSE1FP800,QYSE1FP80,GSDL,OPTION,HIGH
1085,USVRU68IKN20,VRU68IKN2,ZOZ,OPTION,MED
1086,US1GJXUHHA29,1GJXUHHA2,UXI,FUTURE,HIGH
1087,USXDLGT03S35,XDLGT03S3,TPD,BOND,MED
1088,US9XHA6PTJ66,9XHA6PTJ6,LALQ,FUTURE,LOW
1089,USDJOMZUOC58,DJOMZUOC5,HMO,BOND,MED
1090,USMF4IGXQY95,MF4IGXQY9,HPB,BOND,MED
1091,US1IV3OW2J13,1IV3OW2J1,EFHT,BOND,MED
1092,USP2TXDDT295,P2TXDDT29,ORJO,FUTURE,MED
1093,USH24WPSFL43,H24WPSFL4,MWV,FUTURE,LOW
1094,USD3UU9DZR72,D3UU9DZR7,UJE,BOND,HIGH
1095,USQ7ZBRSTK01,Q7ZBRSTK0,TKT,SWAP,HIGH
1096,USBFOF0PGQ78,BFOF0PGQ7,MJH,FUTURE,HIGH
1097,USV76ZXHU937,V76ZXHU93,NOYM,SWAP,LOW
1098,USYNQ9JOG071,YNQ9JOG07,JYH,BOND,MED
1099,USNNME4ZD891,NNME4ZD89,DOCI,SWAP,MED
1100,USUXZQFTIR36,UXZQFTIR3,GYBG,BOND,HIGH
1101,USCDEC6MJM62,CDEC6MJM6,EFH,BOND,MED
1102,US7DVPZZ8U71,7DVPZZ8U7,YOKE,BOND,HIGH
1103,USW5IALA5781,W5IALA578,FVDA,BOND,HIGH
1104,USCSOLSTPD64,CSOLSTPD6,ZBP,BOND,MED
1105,USM8CZZWYJ35,M8CZZWYJ3,RWCG,SWAP,HIGH
1106,USXWY8FB2V04,XWY8FB2V0,UIS,BOND,HIGH
1107,USIEG4N4G634,IEG4N4G63,LMIZ,BOND,MED
1108,USJ1I9NXGH92,J1I9NXGH9,VQRN,BOND,MED
1109,USE9ZFEM3254,E9ZFEM325,MFT,REPO,MED
1110,USAPR8F7NK89,APR8F7NK8,DUM,FUTURE,MED
1111,USRZQ4NI8552,RZQ4NI855,MULK,REPO,MED
1112,USE312O5SY30,E312O5SY3,VUI,BOND,MED
1113,USCB1374YB04,CB1374YB0,YAGE,BOND,MED
1114,USTH8PV7W705,TH8PV7W70,XHPR,BOND,LOW
1115,US6G1VL0MT05,6G1VL0MT0,PHH,OPTION,HIGH
1116,USRXN10W3B51,RXN10W3B5,BHR,FUTURE,MED
1117,US4U0H7WD510,4U0H7WD51,PZHX,SWAP,HIGH
1118,USNI2ZXOTA60,NI2ZXOTA6,DRQO,OPTION,MED
1119,US1SZ5GI4A78,1SZ5GI4A7,NMVZ,BOND,HIGH
1120,US6NNAUD5T85,6NNAUD5T8,RTBP,BOND,MED
1121,USBL02XB5L78,BL02XB5L7,GCSS,SWAP,HIGH
1122,US0YJIPHNN80,0YJIPHNN8,FHG,BOND,HIGH
1123,USYAYDTED500,YAYDTED50,JDV,BOND,MED
1124,USCJ1FM1GQ26,CJ1FM1GQ2,CRD,OPTION,MED
1125,USI7ZH5FW579,I7ZH5FW57,GFNS,BOND,LOW
1126,USHFVRFYPI04,HFVRFYPI0,ZAC,BOND,HIGH
1127,USULTMYINZ49,ULTMYINZ4,DNNV,BOND,HIGH
1128,USUDBLE16R92,UDBLE16R9,KJHO,FUTURE,HIGH
1129,USM1JW992873,M1JW99287,WBLJ,BOND,LOW
1130,USLEGZJM7V05,LEGZJM7V0,KJO,BOND,HIGH
1131,USSC7U0KIE84,SC7U0KIE8,WZQQ,OPTION,LOW
1132,USXPCEZJ7911,XPCEZJ791,PTT,BOND,MED
1133,USCSBVP4J437,CSBVP4J43,TNCM,BOND,HIGH
1134,US5F9W3JUF38,5F9W3JUF3,FSDF,FUTURE,MED
1135,USDY48LBP157,DY48LBP15,OER,BOND,MED
1136,USM0TW9UNQ88,M0TW9UNQ8,GYAZ,BOND,MED
1137,USMSJ9IEWX01,MSJ9IEWX0,BQI,FUTURE,MED
1138,US799B1QPR76,799B1QPR7,FZZG,BOND,MED
1139,US8OTW1OS630,8OTW1OS63,EVRZ,SWAP,MED
1140,USIA2EXAAS70,IA2EXAAS7,COW,BOND,HIGH
1141,US4O51QR5A38,4O51QR5A3,ECNR,FUTURE,LOW
1142,USRFP1EPO949,RFP1EPO94,VAZ,BOND,HIGH
1143,US6SKWA8BD36,6SKWA8BD3,UVW,FUTURE,MED
1144,USUBJV3S0W14,UBJV3S0W1,GDMX,SWAP,MED
1145,USMZXA6RER26,MZXA6RER2,UWJV,REPO,LOW
1146,US848KSG9B44,848KSG9B4,ELK,BOND,HIGH
1147,US6VTSX4I680,6VTSX4I68,NSK,OPTION,MED
1148,US9YIDVHSK50,9YIDVHSK5,WJS,FUTURE,MED
1149,USUX1H235122,UX1H23512,UFAD,SWAP,MED
1150,USZA4YXQLL08,ZA4YXQLL0,MKT,SWAP,MED
1151,USFK9D8MIU24,FK9D8MIU2,FOOP,SWAP,HIGH
1152,USPQJE02T430,PQJE02T43,VPL,BOND,LOW
1153,USJIM97L8V93,JIM97L8V9,QSEF,BOND,HIGH
1154,USSN6XDG8R63,SN6XDG8R6,JXBO,FUTURE,MED
1155,USB8Z1EMXZ51,B8Z1EMXZ5,NCK,BOND,LOW
1156,USTR583B1I11,TR583B1I1,VBY,BOND,MED
1157,USSPGYQ89677,SPGYQ8967,OFI,FUTURE,MED
1158,US336HVXBI18,336HVXBI1,JIEJ,OPTION,MED
1159,US4DX6G6AO64,4DX6G6AO6,WDO,OPTION,HIGH
1160,US70JIC9BL42,70JIC9BL4,VKI,BOND,HIGH
1161,USQE8Q4LJ647,QE8Q4LJ64,AMKX,BOND,LOW
1162,USQVKO6ZNK88,QVKO6ZNK8,MVW,BOND,MED
1163,US1S8AK91T30,1S8AK91T3,OJLM,BOND,MED
1164,US6U2UMEAM70,6U2UMEAM7,AUYZ,SWAP,MED
1165,US2KMDNBYM87,2KMDNBYM8,RNIR,SWAP,MED
1166,USNSP75JXC42,NSP75JXC4,KBY,OPTION,HIGH
1167,USXPU8LYLA74,XPU8LYLA7,GKNA,REPO,HIGH
1168,USPBK47IW165,PBK47IW16,GKN,BOND,HIGH
1169,US57RX2K4B50,57RX2K4B5,QRXG,BOND,HIGH
1170,USHUIRAE9M03,HUIRAE9M0,SWQ,BOND,MED
1171,US0I0G5ZIN50,0I0G5ZIN5,ISXT,BOND,MED
1172,US810GPM0181,810GPM018,NWP,SWAP,MED
1173,USRLF19LZ048,RLF19LZ04,AITW,BOND,MED
1174,USUYWH44PP76,UYWH44PP7,HTWR,SWAP,LOW
1175,USLIWOJ37I94,LIWOJ37I9,GZJ,BOND,MED
1176,USMKYXF5GP44,MKYXF5GP4,LSW,BOND,HIGH
1177,USPCPK4S3R97,PCPK4S3R9,ROTG,REPO,MED
1178,USCT77FI5R35,CT77FI5R3,DGK,BOND,MED
1179,USJ0RAKK0946,J0RAKK094,IZP,FUTURE,HIGH
1180,USSGTFOVWC69,SGTFOVWC6,HQO,FUTURE,MED
1181,USXM6X8LMK63,XM6X8LMK6,EOWF,BOND,LOW
1182,USIA8RQKAX72,IA8RQKAX7,KQIC,SWAP,HIGH
1183,USWI5JETOJ58,WI5JETOJ5,HHIC,BOND,MED
1184,USRUF2KM2T09,RUF2KM2T0,QHNQ,BOND,LOW
1185,USZ6UJWOP685,Z6UJWOP68,BXUP,REPO,HIGH
1186,USYGG3M7KN41,YGG3M7KN4,CZF,SWAP,MED
1187,US821ITSDS16,821ITSDS1,BBY,BOND,HIGH
1188,USKDVRN42K81,KDVRN42K8,YRRQ,BOND,MED
1189,USEDLLHZUX84,EDLLHZUX8,DFHT,BOND,HIGH
1190,USDF5P2IPF26,DF5P2IPF2,RFE,FUTURE,HIGH
1191,USD3QV928297,D3QV92829,DWX,BOND,MED
1192,USA2YVOXCJ88,A2YVOXCJ8,TDP,BOND,MED
1193,USB2QRP5KV96,B2QRP5KV9,CVG,BOND,MED
1194,USJZ9JL3IC91,JZ9JL3IC9,ROEB,BOND,HIGH
1195,USHLY0VRUX13,HLY0VRUX1,XWK,OPTION,MED
1196,USDHJIKDUM90,DHJIKDUM9,VJX,BOND,MED
1197,USG2Y40YNY14,G2Y40YNY1,KXGD,REPO,HIGH
1198,USJUM78BOZ08,JUM78BOZ0,NAS,SWAP,LOW
1199,US5ABOI1UA31,5ABOI1UA3,NZEA,BOND,HIGH
1200,USKX6CQGHP85,KX6CQGHP8,HER,FUTURE,HIGH
1201,USSG05KGSA53,SG05KGSA5,LVQ,BOND,MED
1202,USQLTVZQ1502,QLTVZQ150,MWXN,BOND,LOW
1203,USNTSH9S9Q90,NTSH9S9Q9,SKA,REPO,MED
1204,US90GZJLG206,90GZJLG20,VSVM,BOND,MED
1205,USN9G7FJBL90,N9G7FJBL9,RMXL,BOND,MED
1206,US7N18YJ9L28,7N18YJ9L2,SDD,BOND,HIGH
1207,USGTN3GAZT99,GTN3GAZT9,MGEY,BOND,HIGH
1208,USU13696YK67,U13696YK6,VAC,BOND,HIGH
1209,USEM6O2SV104,EM6O2SV10,QLDX,BOND,LOW
1210,USW4IT58Y979,W4IT58Y97,DLD,FUTURE,HIGH
1211,US515DP1C406,515DP1C40,KZW,BOND,HIGH
1212,USXG1JCQ5I37,XG1JCQ5I3,RLXK,BOND,MED
1213,USP9USXKN393,P9USXKN39,TCNI,BOND,MED
1214,USKVNUOJVR99,KVNUOJVR9,PFTJ,BOND,LOW
1215,USNRWHMXQE01,NRWHMXQE0,TQMC,BOND,LOW
1216,USSIRW6G3Z12,SIRW6G3Z1,RNC,BOND,HIGH
1217,USCZGL1KWI87,CZGL1KWI8,MMD,SWAP,MED
1218,USM9CM83BT71,M9CM83BT7,LYI,FUTURE,HIGH
1219,US27Q0CEXQ94,27Q0CEXQ9,QGU,OPTION,LOW
1220,US1Q7GNT7W53,1Q7GNT7W5,DLRX,BOND,LOW
1221,USLAJWMDIX24,LAJWMDIX2,ZTOW,BOND,HIGH
1222,USWY2X9CRZ68,WY2X9CRZ6,GPS,FUTURE,HIGH
1223,US1QIWV3NF51,1QIWV3NF5,XELV,FUTURE,HIGH
1224,USJOSXLZRI89,JOSXLZRI8,MZX,BOND,HIGH
1225,US4D34JH8O02,4D34JH8O0,IGSZ,BOND,HIGH
1226,USLNH34G5Y56,LNH34G5Y5,UYK,BOND,MED
1227,USVIU2VR6276,VIU2VR627,FTT,BOND,LOW
1228,USTUK6GOQ849,TUK6GOQ84,IPMZ,BOND,MED
1229,USNL2R193471,NL2R19347,UGK,REPO,MED
1230,USDWU0DJ0998,DWU0DJ099,ADG,REPO,HIGH
1231,USARP7P1GO05,ARP7P1GO0,SDYJ,BOND,HIGH
1232,USO6XFAWAB62,O6XFAWAB6,RWEL,BOND,MED
1233,USCM2ZVBRO18,CM2ZVBRO1,EHTA,SWAP,MED
1234,USKMU4RAEW31,KMU4RAEW3,ANP,BOND,HIGH
1235,USTP1RZ0S719,TP1RZ0S71,YGBR,REPO,HIGH
1236,USLR3W2PIF63,LR3W2PIF6,YLV,OPTION,HIGH
1237,US8UIGARWU11,8UIGARWU1,CUZN,BOND,MED
1238,US6IU0MG8U95,6IU0MG8U9,OAEQ,BOND,LOW
1239,US5K1IYRY169,5K1IYRY16,JLMC,BOND,MED
1240,USTS0PW79U80,TS0PW79U8,BUVR,SWAP,MED
1241,USPLNZ0ILG86,PLNZ0ILG8,GEF,OPTION,HIGH
1242,US8NOFYIDQ68,8NOFYIDQ6,XLA,FUTURE,MED
1243,USVI7GZ9IB54,VI7GZ9IB5,HUC,BOND,MED
1244,USE1540NAO77,E1540NAO7,XUK,BOND,HIGH
1245,USL6VA76SA62,L6VA76SA6,PIKX,OPTION,HIGH
1246,USOK8PFN3329,OK8PFN332,OVZL,BOND,HIGH
1247,USH8BNPS3R37,H8BNPS3R3,DNOP,OPTION,HIGH
1248,USJ6M8F5FO13,J6M8F5FO1,FUTY,BOND,HIGH
1249,US3M0B2O8032,3M0B2O803,IPN,OPTION,HIGH
1250,USK0GICOD298,K0GICOD29,PBTI,SWAP,MED
1251,US8KFT4O8H87,8KFT4O8H8,LQJM,BOND,MED
1252,USIMMC3KAZ85,IMMC3KAZ8,VKIK,BOND,MED
1253,USFYTDS9D736,FYTDS9D73,XSE,SWAP,MED
1254,US4YS37M7Q76,4YS37M7Q7,BUZJ,BOND,LOW
1255,USRGTXWA6263,RGTXWA626,RUXV,BOND,HIGH
1256,US2ZG9XRRJ05,2ZG9XRRJ0,OZP,OPTION,MED
1257,USVUIY1QDA31,VUIY1QDA3,ISAZ,SWAP,HIGH
1258,USS1WBA1KG98,S1WBA1KG9,VYG,SWAP,MED
1259,USWA6RLML383,WA6RLML38,VBJZ,SWAP,MED
1260,USLL994KKI40,LL994KKI4,TONO,BOND,HIGH
1261,USOVQSZ51W74,OVQSZ51W7,LRW,BOND,MED
1262,USCB5IAKEM17,CB5IAKEM1,AZRD,REPO,LOW
1263,USQ16W55AA59,Q16W55AA5,EWT,BOND,MED
1264,USW4H60INI37,W4H60INI3,VZL,BOND,HIGH
1265,UST3WBPP2P53,T3WBPP2P5,JWMQ,OPTION,HIGH
1266,USI8SQ3YZB88,I8SQ3YZB8,BMXD,BOND,HIGH
1267,USKNNJFXEH22,KNNJFXEH2,HHKY,BOND,HIGH
1268,USRGV78YH237,RGV78YH23,BTZ,BOND,MED
1269,USIIIFXYZC67,IIIFXYZC6,KPEM,BOND,HIGH
1270,USVVJWQW5P07,VVJWQW5P0,VHZ,BOND,HIGH
1271,USYWYHB6AQ67,YWYHB6AQ6,KCM,BOND,LOW
1272,USTUZ9Q38N46,TUZ9Q38N4,WQP,SWAP,MED
1273,US6VW5BCTG67,6VW5BCTG6,QGB,BOND,HIGH
1274,USPNQY0S9Z42,PNQY0S9Z4,BUPG,BOND,MED
1275,USDG34VPD151,DG34VPD15,BNER,BOND,MED
1276,US2DTL1SU409,2DTL1SU40,UVRZ,OPTION,HIGH
1277,US1M20U56P44,1M20U56P4,FKVL,BOND,MED
1278,USVCKRSNVC93,VCKRSNVC9,PKI,BOND,MED
1279,US6IYGKAN207,6IYGKAN20,YMP,BOND,MED
1280,USVLL82YVJ98,VLL82YVJ9,EYO,BOND,HIGH
1281,USBMGAO62U47,BMGAO62U4,BPH,FUTURE,HIGH
1282,US5WIRC8B968,5WIRC8B96,JOMS,BOND,MED
1283,USFJXDZFOK84,FJXDZFOK8,AOH,FUTURE,HIGH
1284,USJBZVHGVQ60,JBZVHGVQ6,OQJX,BOND,MED
1285,UST57BIRBS61,T57BIRBS6,YQWJ,BOND,MED
1286,USH3RQVUJM29,H3RQVUJM2,DEUW,OPTION,HIGH
1287,USN1B0O59Z80,N1B0O59Z8,DKR,SWAP,HIGH
1288,USWZXPMCLV69,WZXPMCLV6,GSY,BOND,HIGH
1289,USB2LCO72X06,B2LCO72X0,FWUB,BOND,MED
1290,USFM7MU4IA95,FM7MU4IA9,SBG,OPTION,MED
1291,US05EPQLJA32,05EPQLJA3,ZMZM,SWAP,MED
1292,US33K42MOF29,33K42MOF2,WLXT,BOND,HIGH
1293,USHR4QSKA236,HR4QSKA23,HTKY,REPO,HIGH
1294,USC7C1RZZ291,C7C1RZZ29,QHZM,FUTURE,LOW
1295,USS1GGKD6V23,S1GGKD6V2,WTK,BOND,LOW
1296,US5QI81B4J22,5QI81B4J2,XDF,SWAP,LOW
1297,USN42D1I5443,N42D1I544,PVKX,BOND,MED
1298,US5JKRIPVT23,5JKRIPVT2,FWM,FUTURE,MED
1299,USHTZLAB4P17,HTZLAB4P1,CCUT,BOND,MED
1300,USHUQQBLTW22,HUQQBLTW2,JRK,BOND,HIGH
1301,USMJU9C81Y86,MJU9C81Y8,LGLN,BOND,MED
1302,USGOMPMT1B07,GOMPMT1B0,EPVK,SWAP,HIGH
1303,USJ4ZENW5466,J4ZENW546,ZTIE,FUTURE,HIGH
1304,USZ5NE8UIT07,Z5NE8UIT0,AQDL,BOND,MED
1305,USZZZ172U431,ZZZ172U43,TQAH,SWAP,HIGH
1306,USDXXCHI0219,DXXCHI021,XZS,BOND,HIGH
1307,USQ7OPX3M756,Q7OPX3M75,NEG,FUTURE,MED
1308,USUWXZKL5X90,UWXZKL5X9,RLT,SWAP,MED
1309,USQ1HDT3X433,Q1HDT3X43,VJD,FUTURE,MED
1310,UST86E5PEV39,T86E5PEV3,FCVL,BOND,MED
1311,USAHDMTMG959,AHDMTMG95,AJEI,SWAP,HIGH
1312,USZNXM8QPG19,ZNXM8QPG1,IYCT,BOND,HIGH
1313,USH0FXL31R51,H0FXL31R5,FEXK,SWAP,HIGH
1314,US0Q0H0SH154,0Q0H0SH15,MHR,BOND,MED
1315,USGXGJSDGJ74,GXGJSDGJ7,LCUS,BOND,HIGH
1316,US6Z0XL1T335,6Z0XL1T33,RNB,BOND,LOW
1317,USXKEBGOND97,XKEBGOND9,RDQ,REPO,MED
1318,USGXPC30EY68,GXPC30EY6,TNFR,REPO,MED
1319,US2MFVUOH520,2MFVUOH52,FQIV,SWAP,MED
1320,USDHHTW9AW38,DHHTW9AW3,VBVZ,SWAP,HIGH
1321,US75TYX5T662,75TYX5T66,NTW,BOND,HIGH
1322,US1MCSF24F06,1MCSF24F0,LKM,BOND,HIGH
1323,USP8FLLN9G73,P8FLLN9G7,ZNV,BOND,HIGH
1324,US3IEESN7060,3IEESN706,POPT,BOND,HIGH
1325,USFJHYVZUR82,FJHYVZUR8,LKHB,REPO,MED
1326,US531VC9VV60,531VC9VV6,IHVY,SWAP,HIGH
1327,US0R7OUCSA13,0R7OUCSA1,YEO,SWAP,LOW
1328,UST3N2WL8479,T3N2WL847,AUC,BOND,MED
1329,USHOGOH98A41,HOGOH98A4,IRP,BOND,HIGH
1330,USXU0ST5T045,XU0ST5T04,ILRC,BOND,MED
1331,US2VD59W6919,2VD59W691,SFSC,BOND,MED
1332,USS4RUN7X277,S4RUN7X27,PUP,SWAP,MED
1333,USDT0W31KK26,DT0W31KK2,PEN,BOND,MED
1334,US0824S5UG42,0824S5UG4,SOJJ,OPTION,MED
1335,USD20XA06293,D20XA0629,IZU,BOND,HIGH
1336,USCAIY0UUB98,CAIY0UUB9,WFWA,REPO,LOW
1337,US8BCH71IZ37,8BCH71IZ3,ITU,BOND,MED
1338,USKQYKUOTD61,KQYKUOTD6,ABOO,SWAP,HIGH
1339,USIRRCSMPX04,IRRCSMPX0,YKZH,BOND,LOW
1340,USJKW19DGJ44,JKW19DGJ4,WFG,BOND,MED
1341,USLE2CM4ZP44,LE2CM4ZP4,UTC,REPO,HIGH
1342,USHTX8IDHH43,HTX8IDHH4,WZP,BOND,HIGH
1343,USUVQL5XSH18,UVQL5XSH1,XZY,BOND,LOW
1344,USQ71531FF15,Q71531FF1,LNN,BOND,MED
1345,USROMJ323K00,ROMJ323K0,SCEK,BOND,MED
1346,US7SBI8R6H18,7SBI8R6H1,MMWP,OPTION,MED
1347,USGJVCD0A238,GJVCD0A23,KZF,BOND,MED
1348,USLWIW2ZJM16,LWIW2ZJM1,BJLU,BOND,HIGH
1349,US1M58ZGFO84,1M58ZGFO8,LGPG,BOND,LOW
1350,US2VESMKOF78,2VESMKOF7,FPOM,BOND,HIGH
1351,US3QNGSQDW92,3QNGSQDW9,KEPK,SWAP,HIGH
1352,USCF0EHCWO31,CF0EHCWO3,ECY,BOND,LOW
1353,USNIPUCHP142,NIPUCHP14,IOOE,FUTURE,HIGH
1354,US6XOLSMXM88,6XOLSMXM8,GNHB,BOND,MED
1355,USC7NXKGU477,C7NXKGU47,AYTV,BOND,MED
1356,USGZ9OK1KP48,GZ9OK1KP4,GSY,BOND,HIGH
1357,USFZW5L70P83,FZW5L70P8,TQBX,REPO,HIGH
1358,USM0ABKCZD77,M0ABKCZD7,GKX,BOND,HIGH
1359,USLOU3MIUV23,LOU3MIUV2,CLZQ,BOND,MED
1360,USXIXKBOP126,XIXKBOP12,ULT,BOND,LOW
1361,US5OJMKL7262,5OJMKL726,EKMT,BOND,MED
1362,USCG4J8J2489,CG4J8J248,LZT,BOND,MED
1363,USA7VEKKDM22,A7VEKKDM2,GDX,OPTION,MED
1364,USIEM6TFSJ96,IEM6TFSJ9,PHZ,REPO,LOW
1365,USTA0MPPME37,TA0MPPME3,WVN,BOND,MED
1366,USE7FGM1D664,E7FGM1D66,SSY,BOND,MED
1367,USFJ6JKVY099,FJ6JKVY09,RUYP,FUTURE,HIGH
1368,USJECNPY0146,JECNPY014,VQGE,BOND,HIGH
1369,USDQ2V4WTC88,DQ2V4WTC8,FZV,BOND,HIGH
1370,UST5S5UK1C34,T5S5UK1C3,IULV,OPTION,LOW
1371,USP5RQJKGN51,P5RQJKGN5,XEZ,BOND,MED
1372,USI3AD0II400,I3AD0II40,IRZ,BOND,HIGH
1373,USN80QZ2A811,N80QZ2A81,PIAG,SWAP,HIGH
1374,USK8YNW75L30,K8YNW75L3,DYWV,BOND,HIGH
1375,USHA15NSBM21,HA15NSBM2,RHJ,REPO,LOW
1376,USDKAQ7G4H13,DKAQ7G4H1,DQP,FUTURE,HIGH
1377,USDJ5IU8JM34,DJ5IU8JM3,SJU,BOND,MED
1378,USUHHRIQ4I47,UHHRIQ4I4,SRV,BOND,HIGH
1379,USDVSDNHFC63,DVSDNHFC6,HUPB,SWAP,MED
1380,USM23Q0H3028,M23Q0H302,AAA,BOND,MED
1381,US9NOBUV6U84,9NOBUV6U8,YTEW,BOND,LOW
1382,USUQ5G4UFR52,UQ5G4UFR5,HFI,BOND,MED
1383,USJXET9AFY91,JXET9AFY9,FOZ,REPO,MED
1384,US1X1DADRW07,1X1DADRW0,WDEJ,BOND,HIGH
1385,US6TNNN3F175,6TNNN3F17,QKWP,SWAP,MED
1386,USBAYKTTE305,BAYKTTE30,LEWR,FUTURE,HIGH
1387,US6N0UIUTM40,6N0UIUTM4,SVJ,BOND,MED
1388,USTE475Z1K36,TE475Z1K3,SLUE,OPTION,MED
1389,USVTHGRURV82,VTHGRURV8,WKL,BOND,HIGH
1390,US964JZ87W14,964JZ87W1,JVJ,BOND,MED
1391,USR7OKNAVG06,R7OKNAVG0,SLHW,BOND,MED
1392,USDOZA4KIC12,DOZA4KIC1,XIPY,BOND,MED
1393,USP1791TIU60,P1791TIU6,PLUP,BOND,HIGH
1394,USO348FOSJ88,O348FOSJ8,RDZ,BOND,MED
1395,USQQU5T1WZ68,QQU5T1WZ6,ADI,BOND,LOW
1396,US8B0A9ARE68,8B0A9ARE6,NAUN,BOND,LOW
1397,USVGYK6TIX02,VGYK6TIX0,MLG,BOND,LOW
1398,USZIE3QI5X86,ZIE3QI5X8,ZFL,FUTURE,MED
1399,US1Z9DMZMB65,1Z9DMZMB6,RRFE,BOND,LOW
1400,USRMD52HQ847,RMD52HQ84,OQO,FUTURE,HIGH
1401,US2ELPO0V675,2ELPO0V67,WDZ,BOND,LOW
1402,USKAD0JBIV14,KAD0JBIV1,WQKL,SWAP,LOW
1403,US5KHKFD6Z25,5KHKFD6Z2,LCGT,SWAP,MED
1404,USY21DO5UI11,Y21DO5UI1,EUR,BOND,MED
1405,USNQMPDU0E91,NQMPDU0E9,NHDC,OPTION,MED
1406,USLGS10CJU84,LGS10CJU8,OTHP,SWAP,HIGH
1407,US3V8UN64X16,3V8UN64X1,FXKK,BOND,HIGH
1408,USOG3SFRQG76,OG3SFRQG7,HIQ,BOND,MED
1409,USPV2ZFCMQ37,PV2ZFCMQ3,IVHQ,BOND,HIGH
1410,USQI0VMC4431,QI0VMC443,OHN,REPO,MED
1411,US9SU6T53J88,9SU6T53J8,QHC,OPTION,HIGH
1412,USM222MFH841,M222MFH84,ORP,SWAP,MED
1413,USZJ3OE7M690,ZJ3OE7M69,DIV,BOND,HIGH
1414,USA3T9RDWY73,A3T9RDWY7,SHTV,SWAP,HIGH
1415,US9K4UZJF930,9K4UZJF93,HUZ,BOND,HIGH
1416,USST2Z0FL025,ST2Z0FL02,ONL,REPO,HIGH
1417,USDV4L2EBI58,DV4L2EBI5,JDH,BOND,HIGH
1418,US4DKL3IQO83,4DKL3IQO8,EKL,REPO,MED
1419,USUZXBJOLD71,UZXBJOLD7,YBJ,BOND,HIGH
1420,US82HYVVQJ59,82HYVVQJ5,THMR,BOND,MED
1421,USAER9EH2A57,AER9EH2A5,SGUL,BOND,HIGH
1422,US4ILQ5GRG30,4ILQ5GRG3,IQU,BOND,MED
1423,USN90G57UU29,N90G57UU2,QFB,BOND,MED
1424,USM8PMNEHY79,M8PMNEHY7,KUO,OPTION,MED
1425,USGXHZ50C572,GXHZ50C57,OUKU,BOND,MED
1426,US3F79RB0G06,3F79RB0G0,ZIHB,SWAP,MED
1427,USPO0R6WA057,PO0R6WA05,RUEJ,SWAP,MED
1428,USDC05Y28F76,DC05Y28F7,WUH,FUTURE,MED
1429,USCO19XGXO65,CO19XGXO6,GMJP,REPO,MED
1430,USDQDJZV6R30,DQDJZV6R3,WLNO,BOND,HIGH
1431,USD9MOTM6D81,D9MOTM6D8,RUE,SWAP,HIGH
1432,USXHY7URJS28,XHY7URJS2,DJZ,BOND,MED
1433,USDO1XLV1669,DO1XLV166,JME,REPO,HIGH
1434,USQSZUPKK612,QSZUPKK61,UFLR,SWAP,HIGH
1435,US19JJJKNZ31,19JJJKNZ3,ARMX,FUTURE,HIGH
1436,USEEF01QR449,EEF01QR44,LDI,BOND,HIGH
1437,USH1E8PWBR08,H1E8PWBR0,YMN,FUTURE,HIGH
1438,USNEGHL6L934,NEGHL6L93,BLWC,BOND,MED
1439,USQ7WPYULZ41,Q7WPYULZ4,KELB,OPTION,HIGH
1440,US64OWCQ5967,64OWCQ596,QCF,BOND,HIGH
1441,USHYGX22Q705,HYGX22Q70,SUY,BOND,MED
1442,USBZUT4T8C44,BZUT4T8C4,QEK,FUTURE,MED
1443,USQPQJDQY837,QPQJDQY83,GIMV,BOND,MED
1444,USAVDJBQM865,AVDJBQM86,ADOA,BOND,MED
1445,US81AJX9NI98,81AJX9NI9,FJC,BOND,MED
1446,USYZBH4IEL37,YZBH4IEL3,CCIR,FUTURE,LOW
1447,USCORNLB8Z49,CORNLB8Z4,LPM,BOND,HIGH
1448,USKOMC6Y5F88,KOMC6Y5F8,ZFCC,BOND,HIGH
1449,US5WQRXSLP34,5WQRXSLP3,LCD,BOND,HIGH
1450,US3EQP9EDP66,3EQP9EDP6,PBB,FUTURE,HIGH
1451,USFO6ZDCLB29,FO6ZDCLB2,QSTL,BOND,HIGH
1452,US482IE04586,482IE0458,JHG,BOND,HIGH
1453,USD8XWGNEB73,D8XWGNEB7,UMUF,BOND,MED
1454,US69LFWEEF64,69LFWEEF6,JDP,FUTURE,LOW
1455,USSR8OJWHO18,SR8OJWHO1,KXTB,BOND,HIGH
1456,USTC10WEGO83,TC10WEGO8,JDL,FUTURE,MED
1457,USXBCS07TD27,XBCS07TD2,HOC,BOND,LOW
1458,USCNLN8BTM39,CNLN8BTM3,TNWH,BOND,LOW
1459,US22R4YEVP18,22R4YEVP1,FMFE,BOND,HIGH
1460,US4VS84RDU89,4VS84RDU8,FGDV,BOND,HIGH
1461,USLVGAV95777,LVGAV9577,ETY,BOND,MED
1462,USQ8IZUF1Q59,Q8IZUF1Q5,YDL,REPO,MED
1463,USCQK9SG4P51,CQK9SG4P5,HAEQ,BOND,HIGH
1464,USJUOADO3X52,JUOADO3X5,KGZ,OPTION,LOW
1465,USQ8LOK73670,Q8LOK7367,AHI,BOND,LOW
1466,US3LL6ONFE30,3LL6ONFE3,WEXP,BOND,MED
1467,USYWY5GEB141,YWY5GEB14,WWM,REPO,MED
1468,US7U2NWIJU50,7U2NWIJU5,ULKN,BOND,HIGH
1469,US7IO3OJSI64,7IO3OJSI6,WDX,BOND,HIGH
1470,US887ZKE5958,887ZKE595,PBH,BOND,LOW
1471,USF27CW0DC28,F27CW0DC2,CUH,BOND,HIGH
1472,USXEDA9ZBT76,XEDA9ZBT7,TXBB,BOND,LOW
1473,USHIDRTDIW25,HIDRTDIW2,WBY,BOND,HIGH
1474,USDQO7YYSY39,DQO7YYSY3,BGX,SWAP,HIGH
1475,USMIQFJ3O202,MIQFJ3O20,ZZHI,FUTURE,MED
1476,US1KO777XM85,1KO777XM8,VOY,REPO,HIGH
1477,US8H66WWHF08,8H66WWHF0,WYLL,SWAP,MED
1478,US5ZJ8F0AA28,5ZJ8F0AA2,XMUI,REPO,MED
1479,USIRZMYOIF57,IRZMYOIF5,BZG,BOND,HIGH
1480,USA7R7BGNU24,A7R7BGNU2,AFK,BOND,MED
1481,USR955S11W34,R955S11W3,WYFH,BOND,LOW
1482,USZ8O6XXCI68,Z8O6XXCI6,SLZ,BOND,HIGH
1483,USRWK73MIH72,RWK73MIH7,OMWZ,SWAP,HIGH
1484,USL89UK84X07,L89UK84X0,CMQ,BOND,MED
1485,USRAZC4M1P79,RAZC4M1P7,RCD,BOND,HIGH
1486,USDSEXVATV39,DSEXVATV3,PHZ,SWAP,HIGH
1487,USUWW8UUEO99,UWW8UUEO9,OME,SWAP,MED
1488,US4N032NST57,4N032NST5,JRAT,BOND,MED
1489,USVWMU50SE13,VWMU50SE1,UBLP,BOND,HIGH
1490,USKVDIMQR982,KVDIMQR98,SURE,SWAP,LOW
1491,USRA5WPY5R91,RA5WPY5R9,KYL,BOND,HIGH
1492,USNIDVW43576,NIDVW4357,PNKA,BOND,MED
